Latto;Jung Kook;{'label': 'Seven (feat. Latto) (Explicit Ver.)'}
Jung Kook;Charlie Puth;{'label': 'Left and Right (Feat. Jung Kook of BTS)'}
Jung Kook;BTS;{'label': 'Dreamers [Music from the FIFA World Cup Qatar 2022 Official Soundtrack]'}
Jung Kook;FIFA Sound;{'label': 'Dreamers [Music from the FIFA World Cup Qatar 2022 Official Soundtrack]'}
Myke Towers;Feid;{'label': 'El Cielo'}
Myke Towers;Sky Rompiendo;{'label': 'El Cielo'}
Myke Towers;Quevedo;{'label': 'PLAYA DEL INGLï¿½'}
Myke Towers;Anuel Aa;{'label': 'Sï¿½ï¿½'}
Myke Towers;Jhay Cortez;{'label': 'Sï¿½ï¿½'}
Taylor Swift;Ice Spice;{'label': 'Karma (feat. Ice Spice)'}
Taylor Swift;Lana Del Rey;{'label': 'Snow On The Beach (feat. Lana Del Rey)'}
Taylor Swift;Ed Sheeran;{'label': 'The Joker And The Queen (feat. Taylor Swift)'}
Bad Bunny;Grupo Frontera;{'label': 'un x100to'}
Bad Bunny;Tainy;{'label': 'Callaita'}
Bad Bunny;Chencho Corleone;{'label': 'Me Porto Bonito'}
Bad Bunny;Eladio Carrion;{'label': 'Coco Chanel'}
Bad Bunny;Arcangel;{'label': 'La Jumpa'}
Bad Bunny;Nengo Flow;{'label': 'Gato de Noche'}
Bad Bunny;Gorillaz;{'label': 'Tormenta (feat. Bad Bunny)'}
Bad Bunny;J Balvin;{'label': 'AM Remix'}
Bad Bunny;Jhay Cortez;{'label': 'Dakiti'}
Bad Bunny;Rauw Alejandro;{'label': 'Party'}
Bad Bunny;Julieta Venegas;{'label': 'Lo Siento BB:/ (with Bad Bunny & Julieta Venegas)'}
Bad Bunny;Aventura;{'label': 'Volvï¿'}
Bad Bunny;Sech;{'label': 'Volando - Remix'}
Bad Bunny;Mora;{'label': 'Volando - Remix'}
Bad Bunny;Nio Garcia;{'label': 'AM Remix'}
Bad Bunny;Daddy Yankee;{'label': 'X ï¿½ï¿½LTIMA'}
Bad Bunny;Tony Dize;{'label': 'La Corriente'}
Bad Bunny;Buscabulla;{'label': 'Andrea'}
Bad Bunny;The Marï¿½ï;{'label': 'Otro Atardecer'}
Dave;Central Cee;{'label': 'Sprinter'}
Eslabon Armado;Peso Pluma;{'label': 'Ella Baila Sola'}
Peso Pluma;Yng Lvcas;{'label': 'La Bebe - Remix'}
Peso Pluma;Gabito Ballesteros;{'label': 'AMG'}
Peso Pluma;Junior H;{'label': 'LUNA'}
Peso Pluma;Bizarrap;{'label': 'Peso Pluma: Bzrp Music Sessions, Vol. 55'}
Peso Pluma;Grupo Frontera;{'label': 'TULUM'}
Peso Pluma;Sog;{'label': 'QUEMA'}
Peso Pluma;Ryan Castro;{'label': 'QUEMA'}
Peso Pluma;Natanael Cano;{'label': 'AMG'}
Peso Pluma;Becky G;{'label': 'Chanel'}
Peso Pluma;BLESSD;{'label': 'Las Morras'}
Peso Pluma;Fuerza Regida;{'label': 'Igualito a Mi Apï¿'}
Peso Pluma;Luis R Conriquez;{'label': 'Siempre Pendientes'}
Quevedo;Bizarrap;{'label': 'Quevedo: Bzrp Music Sessions, Vol. 52'}
Quevedo;Feid;{'label': 'POLARIS - Remix'}
Quevedo;Mora;{'label': 'POLARIS - Remix'}
Quevedo;Saiko;{'label': 'POLARIS - Remix'}
Quevedo;Jhayco;{'label': 'Mami Chula'}
Quevedo;Karol G;{'label': 'PERO Tï¿'}
Quevedo;La Pantera;{'label': 'Cayï¿½ï¿½ La Noche (feat. Cruz Cafunï¿½ï¿½, Abhir Hathi, Bejo, EL IMA)'}
Quevedo;Juseph;{'label': 'Cayï¿½ï¿½ La Noche (feat. Cruz Cafunï¿½ï¿½, Abhir Hathi, Bejo, EL IMA)'}
Quevedo;Cruz Cafunï¿½ï¿½;{'label': 'Cayï¿½ï¿½ La Noche (feat. Cruz Cafunï¿½ï¿½, Abhir Hathi, Bejo, EL IMA)'}
Quevedo;Bï¿½ï¿½jo;{'label': 'Cayï¿½ï¿½ La Noche (feat. Cruz Cafunï¿½ï¿½, Abhir Hathi, Bejo, EL IMA)'}
Quevedo;Abhir Hathi;{'label': 'Cayï¿½ï¿½ La Noche (feat. Cruz Cafunï¿½ï¿½, Abhir Hathi, Bejo, EL IMA)'}
Quevedo;De La Ghetto;{'label': 'Si Quieren Frontear'}
Quevedo;Duki;{'label': 'Si Quieren Frontear'}
Quevedo;Ovy On The Drums;{'label': 'Sin Seï¿½ï'}
Gunna;Young Thug;{'label': 'pushin P (feat. Young Thug)'}
Gunna;Future;{'label': 'pushin P (feat. Young Thug)'}
Gunna;21 Savage;{'label': 'thought i was playing'}
Gunna;Lil Baby;{'label': '25k jacket (feat. Lil Baby)'}
Grupo Frontera;Yahritza Y Su Esencia;{'label': 'Frï¿½ï¿½gil (feat. Grupo Front'}
Grupo Frontera;Carin Leon;{'label': 'Que Vuelvas'}
Grupo Frontera;Fuerza Regida;{'label': 'Bebe Dame'}
Grupo Frontera;Grupo Marca Registrada;{'label': 'Di Que Si'}
SZA;Don Toliver;{'label': 'Used (feat. Don Toliver)'}
SZA;Phoebe Bridgers;{'label': 'Ghost in the Machine (feat. Phoebe Bridgers)'}
SZA;Travis Scott;{'label': 'Open Arms (feat. Travis Scott)'}
SZA;Doja Cat;{'label': 'Kiss Me More (feat. SZA)'}
Billie Eilish;Khalid;{'label': 'lovely - Bonus Track'}
Feid;Young Miko;{'label': 'Classy 101'}
Feid;Sky Rompiendo;{'label': 'El Cielo'}
Feid;Ozuna;{'label': 'Hey Mor'}
Feid;Yandel;{'label': 'XQ Te Pones Asï¿'}
Feid;Mora;{'label': 'LA INOCENTE'}
Feid;Saiko;{'label': 'POLARIS - Remix'}
Feid;Nicky Jam;{'label': '69'}
Feid;Sean Paul;{'label': 'Niï¿½ï¿½a Bo'}
Feid;Alejo;{'label': 'Pantysito'}
Feid;Robi;{'label': 'Pantysito'}
Feid;De La Ghetto;{'label': 'ULTRA SOLO REMIX'}
Feid;Polima WestCoast;{'label': 'ULTRA SOLO REMIX'}
Feid;Paloma Mami;{'label': 'ULTRA SOLO REMIX'}
Feid;Pailita;{'label': 'ULTRA SOLO REMIX'}
Feid;Paulo Londra;{'label': 'A Veces (feat. Feid)'}
Feid;Sech;{'label': 'En La De Ella'}
Feid;Jhayco;{'label': 'En La De Ella'}
Jimin;Kodak Black;{'label': 'Angel Pt 1 (feat. Jimin of BTS, JVKE & Muni Long)'}
Jimin;NLE Choppa;{'label': 'Angel Pt 1 (feat. Jimin of BTS, JVKE & Muni Long)'}
Jimin;Muni Long;{'label': 'Angel Pt 1 (feat. Jimin of BTS, JVKE & Muni Long)'}
Jimin;JVKE;{'label': 'Angel Pt 1 (feat. Jimin of BTS, JVKE & Muni Long)'}
Jimin;TAEYANG;{'label': 'VIBE (feat. Jimin of BTS)'}
Jimin;HA SUNG WOON;{'label': 'With you'}
Gabito Ballesteros;Junior H;{'label': 'LADY GAGA'}
Gabito Ballesteros;Natanael Cano;{'label': 'AMG'}
Junior H;Oscar Maydon;{'label': 'Fin de Semana'}
Junior H;Eden Muï¿½ï;{'label': 'Abcdario'}
Junior H;El Chachito;{'label': 'En Paris'}
Junior H;Grupo Marca Registrada;{'label': 'El Rescate'}
Bizarrap;Rauw Alejandro;{'label': 'Rauw Alejandro: Bzrp Music Sessions, Vol. 56'}
Bizarrap;Shakira;{'label': 'Shakira: Bzrp Music Sessions, Vol. 53'}
Bizarrap;Arcangel;{'label': 'Arcï¿½ï¿½ngel: Bzrp Music Sessions, Vol'}
Bizarrap;Tiago pzk;{'label': 'Tiago PZK: Bzrp Music Sessions, Vol. 48'}
Bizarrap;Residente;{'label': 'Residente: Bzrp Music Sessions, Vol. 49'}
Bizarrap;Paulo Londra;{'label': 'Paulo Londra: Bzrp Music Sessions, Vol. 23'}
Bizarrap;Villano Antillano;{'label': 'Villano Antillano: Bzrp Music Sessions, Vol. 51'}
The Weeknd;Madonna;{'label': 'Popular (with Playboi Carti & Madonna) - The Idol Vol. 1 (Music from the HBO Original Series)'}
The Weeknd;Playboi Carti;{'label': 'Popular (with Playboi Carti & Madonna) - The Idol Vol. 1 (Music from the HBO Original Series)'}
The Weeknd;21 Savage;{'label': "Creepin'"}
The Weeknd;Metro Boomin;{'label': "Creepin'"}
The Weeknd;Daft Punk;{'label': 'Starboy'}
The Weeknd;Ariana Grande;{'label': 'Save Your Tears (with Ariana Grande) (Remix)'}
The Weeknd;Lana Del Rey;{'label': 'Stargirl Interlude'}
The Weeknd;Future;{'label': 'Double Fantasy (with Future)'}
The Weeknd;Gesaffelstein;{'label': 'Lost in the Fire'}
The Weeknd;Tyler;{'label': 'Here We Goï¿½ï¿½ï¿½ Again (feat. Tyler, the Cr'}
The Weeknd;The Creator;{'label': 'Here We Goï¿½ï¿½ï¿½ Again (feat. Tyler, the Cr'}
The Weeknd;Lil Wayne;{'label': "I Heard You're Married (feat. Lil Wayne)"}
The Weeknd;Post Malone;{'label': 'One Right Now (with The Weeknd)'}
The Weeknd;Swedish House Mafia;{'label': 'Moth To A Flame (with The Weeknd)'}
The Weeknd;Doja Cat;{'label': 'You Right'}
The Weeknd;ROSALï¿½;{'label': 'LA FAMA (with The Weeknd)'}
Madonna;Playboi Carti;{'label': 'Popular (with Playboi Carti & Madonna) - The Idol Vol. 1 (Music from the HBO Original Series)'}
Fuerza Regida;Natanael Cano;{'label': 'Ch y la Pizza'}
Fuerza Regida;Chino Pacas;{'label': 'Dijeron Que No La Iba Lograr'}
Rï¿½ï¿½ma;Selena G;{'label': 'Calm Down (with Selena Gomez)'}
Tainy;Julieta Venegas;{'label': 'Lo Siento BB:/ (with Bad Bunny & Julieta Venegas)'}
Morgan Wallen;Lil Durk;{'label': 'Stand By Me (feat. Morgan Wallen)'}
Morgan Wallen;Eric Church;{'label': 'Man Made A Bar (feat. Eric Church)'}
Dua Lipa;Elton John;{'label': 'Cold Heart - PNAU Remix'}
Dua Lipa;Pnau;{'label': 'Cold Heart - PNAU Remix'}
Dua Lipa;Calvin Harris;{'label': 'Potion (with Dua Lipa & Young Thug)'}
Dua Lipa;DaBaby;{'label': 'Levitating (feat. DaBaby)'}
Dua Lipa;Sean Paul;{'label': 'No Lie'}
Dua Lipa;Megan Thee Stallion;{'label': 'Sweetest Pie'}
Dua Lipa;Young Thug;{'label': 'Potion (with Dua Lipa & Young Thug)'}
21 Savage;Metro Boomin;{'label': 'Niagara Falls (Foot or 2) [with Travis Scott & 21 Savage]'}
21 Savage;Drake;{'label': 'Broke Boys'}
21 Savage;Travis Scott;{'label': 'Pussy & Millions (feat. Travis Scott)'}
21 Savage;Project Pat;{'label': 'Knife Talk (with 21 Savage ft. Project Pat)'}
21 Savage;Pharrell Williams;{'label': 'Cash In Cash Out'}
21 Savage;Tyler;{'label': 'Cash In Cash Out'}
21 Savage;The Creator;{'label': 'Cash In Cash Out'}
Metro Boomin;Future;{'label': 'Superhero (Heroes & Villains) [with Future & Chris Brown]'}
Metro Boomin;Don Toliver;{'label': 'Link Up (Metro Boomin & Don Toliver, Wizkid feat. BEAM & Toian) - Spider-Verse Remix (Spider-Man: Across the Spider-Verse )'}
Metro Boomin;Swae Lee;{'label': 'Annihilate (Spider-Man: Across the Spider-Verse) (Metro Boomin & Swae Lee, Lil Wayne, Offset)'}
Metro Boomin;A Boogie Wit da Hoodie;{'label': 'Calling (Spider-Man: Across the Spider-Verse) (Metro Boomin & Swae Lee, NAV, feat. A Boogie Wit da Hoodie)'}
Metro Boomin;NAV;{'label': 'Calling (Spider-Man: Across the Spider-Verse) (Metro Boomin & Swae Lee, NAV, feat. A Boogie Wit da Hoodie)'}
Metro Boomin;Travis Scott;{'label': 'Raindrops (Insane) [with Travis Scott]'}
Metro Boomin;Young Thug;{'label': 'Trance (with Travis Scott & Young Thug)'}
Metro Boomin;A$AP Rocky;{'label': 'Am I Dreaming (Metro Boomin & A$AP Rocky, Roisee)'}
Metro Boomin;Roisee;{'label': 'Am I Dreaming (Metro Boomin & A$AP Rocky, Roisee)'}
Metro Boomin;Lil Wayne;{'label': 'Annihilate (Spider-Man: Across the Spider-Verse) (Metro Boomin & Swae Lee, Lil Wayne, Offset)'}
Metro Boomin;Offset;{'label': 'Annihilate (Spider-Man: Across the Spider-Verse) (Metro Boomin & Swae Lee, Lil Wayne, Offset)'}
Metro Boomin;Coi Leray;{'label': 'Self Love (Spider-Man: Across the Spider-Verse) (Metro Boomin & Coi Leray)'}
Metro Boomin;Lil Uzi Vert;{'label': 'All The Way Live (Spider-Man: Across the Spider-Verse) (Metro Boomin & Future, Lil Uzi Vert)'}
Metro Boomin;Chris Brown;{'label': 'Superhero (Heroes & Villains) [with Future & Chris Brown]'}
Metro Boomin;James Blake;{'label': 'Hummingbird (Metro Boomin & James Blake)'}
Metro Boomin;WizKid;{'label': 'Link Up (Metro Boomin & Don Toliver, Wizkid feat. BEAM & Toian) - Spider-Verse Remix (Spider-Man: Across the Spider-Verse )'}
Metro Boomin;Toian;{'label': 'Link Up (Metro Boomin & Don Toliver, Wizkid feat. BEAM & Toian) - Spider-Verse Remix (Spider-Man: Across the Spider-Verse )'}
Metro Boomin;Beam;{'label': 'Link Up (Metro Boomin & Don Toliver, Wizkid feat. BEAM & Toian) - Spider-Verse Remix (Spider-Man: Across the Spider-Verse )'}
Metro Boomin;John Legend;{'label': 'On Time (with John Legend)'}
Karol G;Shakira;{'label': 'TQG'}
Karol G;Romeo Santos;{'label': 'X SI VOLVEMOS'}
Karol G;Ovy On The Drums;{'label': 'CAIRO'}
Karol G;Maldy;{'label': 'GATï¿½ï¿½'}
Karol G;Becky G;{'label': 'MAMIII'}
Shakira;Ozuna;{'label': 'Monotonï¿½'}
Shakira;Rauw Alejandro;{'label': 'Te Felicito'}
Shakira;David Guetta;{'label': "Don't You Worry"}
Shakira;Black Eyed Peas;{'label': "Don't You Worry"}
Big One;Duki;{'label': 'Los del Espacio'}
Big One;Lit Killah;{'label': 'Los del Espacio'}
Big One;Maria Becerra;{'label': 'Los del Espacio'}
Big One;FMK;{'label': 'Un Finde | CROSSOVER #2'}
Big One;Rusherking;{'label': 'Los del Espacio'}
Big One;Emilia;{'label': 'Los del Espacio'}
Big One;Tiago pzk;{'label': 'Los del Espacio'}
Big One;Ke personajes;{'label': 'Un Finde | CROSSOVER #2'}
Duki;Lit Killah;{'label': 'Los del Espacio'}
Duki;Maria Becerra;{'label': 'Los del Espacio'}
Duki;FMK;{'label': 'Los del Espacio'}
Duki;Rusherking;{'label': 'Los del Espacio'}
Duki;Emilia;{'label': 'Los del Espacio'}
Duki;Tiago pzk;{'label': 'Los del Espacio'}
Duki;NICKI NICOLE;{'label': 'Marisola - Remix'}
Duki;Cris Mj;{'label': 'Marisola - Remix'}
Duki;Standly;{'label': 'Marisola - Remix'}
Duki;Stars Music Chile;{'label': 'Marisola - Remix'}
Duki;De La Ghetto;{'label': 'Si Quieren Frontear'}
Lit Killah;Maria Becerra;{'label': 'Entre Nosotros (Remix) [con Nicki Nicole]'}
Lit Killah;FMK;{'label': 'Los del Espacio'}
Lit Killah;Rusherking;{'label': 'Los del Espacio'}
Lit Killah;Emilia;{'label': 'Los del Espacio'}
Lit Killah;Tiago pzk;{'label': 'Entre Nosotros (Remix) [con Nicki Nicole]'}
Lit Killah;NICKI NICOLE;{'label': 'Entre Nosotros (Remix) [con Nicki Nicole]'}
Maria Becerra;FMK;{'label': 'Los del Espacio'}
Maria Becerra;Rusherking;{'label': 'Los del Espacio'}
Maria Becerra;Emilia;{'label': 'Los del Espacio'}
Maria Becerra;Tiago pzk;{'label': 'Entre Nosotros (Remix) [con Nicki Nicole]'}
Maria Becerra;NICKI NICOLE;{'label': 'Entre Nosotros (Remix) [con Nicki Nicole]'}
Maria Becerra;J Balvin;{'label': 'Quï¿½ï¿½ Mï¿½ï¿'}
Maria Becerra;Tini;{'label': 'Miï¿½ï¿½n'}
FMK;Rusherking;{'label': 'Los del Espacio'}
FMK;Emilia;{'label': 'Los del Espacio'}
FMK;Tiago pzk;{'label': 'Los del Espacio'}
FMK;Ke personajes;{'label': 'Un Finde | CROSSOVER #2'}
Rusherking;Emilia;{'label': 'Los del Espacio'}
Rusherking;Tiago pzk;{'label': 'Los del Espacio'}
Emilia;Tiago pzk;{'label': 'Los del Espacio'}
Tiago pzk;NICKI NICOLE;{'label': 'Entre Nosotros (Remix) [con Nicki Nicole]'}
Tiago pzk;Trueno;{'label': 'Salimo de Noche'}
Tiago pzk;Ozuna;{'label': 'Nos Comemos (feat. Ozuna)'}
Post Malone;Swae Lee;{'label': 'Sunflower - Spider-Man: Into the Spider-Verse'}
Post Malone;Doja Cat;{'label': 'I Like You (A Happier Song) (with Doja Cat)'}
Post Malone;Roddy Ricch;{'label': 'Cooped Up (with Roddy Ricch)'}
Swae Lee;A Boogie Wit da Hoodie;{'label': 'Calling (Spider-Man: Across the Spider-Verse) (Metro Boomin & Swae Lee, NAV, feat. A Boogie Wit da Hoodie)'}
Swae Lee;NAV;{'label': 'Calling (Spider-Man: Across the Spider-Verse) (Metro Boomin & Swae Lee, NAV, feat. A Boogie Wit da Hoodie)'}
Swae Lee;Lil Wayne;{'label': 'Annihilate (Spider-Man: Across the Spider-Verse) (Metro Boomin & Swae Lee, Lil Wayne, Offset)'}
Swae Lee;Offset;{'label': 'Annihilate (Spider-Man: Across the Spider-Verse) (Metro Boomin & Swae Lee, Lil Wayne, Offset)'}
Bebe Rexha;David Guetta;{'label': "I'm Good (Blue)"}
David Guetta;Anne-Marie;{'label': "Baby Don't Hurt Me"}
David Guetta;Coi Leray;{'label': "Baby Don't Hurt Me"}
David Guetta;Ella Henderson;{'label': 'Crazy What Love Can Do'}
David Guetta;Becky Hill;{'label': 'Crazy What Love Can Do'}
David Guetta;Black Eyed Peas;{'label': "Don't You Worry"}
Tyler;The Creator;{'label': 'Cash In Cash Out'}
Tyler;Kali Uchis;{'label': 'See You Again'}
Tyler;Pharrell Williams;{'label': 'Cash In Cash Out'}
The Creator;Kali Uchis;{'label': 'See You Again'}
The Creator;Pharrell Williams;{'label': 'Cash In Cash Out'}
Kali Uchis;Amaarae;{'label': 'Sad Girlz Luv Money Remix (feat. Kali Uchis)'}
Kali Uchis;Moliy;{'label': 'Sad Girlz Luv Money Remix (feat. Kali Uchis)'}
Nicki Minaj;Aqua;{'label': 'Barbie World (with Aqua) [From Barbie The Album]'}
Nicki Minaj;Ice Spice;{'label': 'Princess Diana (with Nicki Minaj)'}
Nicki Minaj;Lil Baby;{'label': 'Do We Have A Problem?'}
Aqua;Ice Spice;{'label': 'Barbie World (with Aqua) [From Barbie The Album]'}
Ice Spice;PinkPantheress;{'label': "Boy's a liar Pt. 2"}
Daft Punk;Pharrell Williams;{'label': 'Get Lucky - Radio Edit'}
Daft Punk;Nile Rodgers;{'label': 'Get Lucky - Radio Edit'}
Anne-Marie;Coi Leray;{'label': "Baby Don't Hurt Me"}
Manuel Turizo;Marshmello;{'label': 'El Merengue'}
Manuel Turizo;Sebastian Yatra;{'label': 'VAGABUNDO'}
Manuel Turizo;Beï¿½ï;{'label': 'VAGABUNDO'}
dennis;MC Kevin o Chris;{'label': 'Tï¿½ï¿'}
Charlie Puth;BTS;{'label': 'Left and Right (Feat. Jung Kook of BTS)'}
BTS;Coldplay;{'label': 'My Universe'}
BTS;Halsey;{'label': 'Boy With Luv (feat. Halsey)'}
BTS;FIFA Sound;{'label': 'Dreamers [Music from the FIFA World Cup Qatar 2022 Official Soundtrack]'}
BTS;Snoop Dogg;{'label': 'Bad Decisions (with BTS & Snoop Dogg)'}
BTS;Benny Blanco;{'label': 'Bad Decisions (with BTS & Snoop Dogg)'}
Rauw Alejandro;ROSALï¿½;{'label': 'BESO'}
Rauw Alejandro;Brray;{'label': 'LOKERA'}
Rauw Alejandro;Lyanno;{'label': 'LOKERA'}
Rauw Alejandro;Baby Rasta;{'label': 'PUNTO 40'}
Rauw Alejandro;Chencho Corleone;{'label': 'Desesperados'}
Rauw Alejandro;Chris Brown;{'label': 'Nostï¿½ï¿½l'}
Rauw Alejandro;Rvssian;{'label': 'Nostï¿½ï¿½l'}
Rauw Alejandro;Alvaro Diaz;{'label': 'Problemï¿½'}
ROSALï¿½;Wisin & Yandel;{'label': 'Besos Moja2'}
JVKE;Kodak Black;{'label': 'Angel Pt 1 (feat. Jimin of BTS, JVKE & Muni Long)'}
JVKE;NLE Choppa;{'label': 'Angel Pt 1 (feat. Jimin of BTS, JVKE & Muni Long)'}
JVKE;Muni Long;{'label': 'Angel Pt 1 (feat. Jimin of BTS, JVKE & Muni Long)'}
Coldplay;The Chainsmokers;{'label': 'Something Just Like This'}
Sam Smith;Kim Petras;{'label': 'Unholy (feat. Kim Petras)'}
Sam Smith;Calvin Harris;{'label': "I'm Not Here To Make Friends"}
Sam Smith;Jessie Reyez;{'label': "I'm Not Here To Make Friends"}
Em Beihold;Stephen Sanchez;{'label': 'Until I Found You (with Em Beihold) - Em Beihold Version'}
Mc Livinho;DJ Matt D;{'label': 'Novidade na ï¿½ï¿'}
Justin Bieber;The Kid Laroi;{'label': 'STAY (with Justin Bieber)'}
Justin Bieber;Don Toliver;{'label': 'Honest (feat. Don Toliver)'}
Justin Bieber;Future;{'label': 'Private Landing (feat. Justin Bieber & Future)'}
Justin Bieber;Daniel Caesar;{'label': 'Peaches (feat. Daniel Caesar & Giveon)'}
Justin Bieber;Giveon;{'label': 'Peaches (feat. Daniel Caesar & Giveon)'}
Marshmello;Jonas Brothers;{'label': 'Leave Before You Love Me (with Jonas Brothers)'}
Marshmello;Khalid;{'label': 'Numb'}
Marshmello;Juice WRLD;{'label': 'Bye Bye'}
Chencho Corleone;Nengo Flow;{'label': 'La Llevo Al Cielo (Ft. ï¿½ï¿½engo F'}
Chencho Corleone;Anuel Aa;{'label': 'La Llevo Al Cielo (Ft. ï¿½ï¿½engo F'}
Chencho Corleone;Chris Jedi;{'label': 'La Llevo Al Cielo (Ft. ï¿½ï¿½engo F'}
Ayparia;unxbected;{'label': 'MONTAGEM - FR PUNK'}
J. Cole;Lil Durk;{'label': 'All My Life (feat. J. Cole)'}
J. Cole;j-hope;{'label': 'on the street (with J. Cole)'}
Lil Durk;Kanye West;{'label': 'Hot Shit (feat. Ye & Lil Durk)'}
Lil Durk;Cardi B;{'label': 'Hot Shit (feat. Ye & Lil Durk)'}
Future;Don Toliver;{'label': 'Private Landing (feat. Justin Bieber & Future)'}
Future;Lil Uzi Vert;{'label': 'All The Way Live (Spider-Man: Across the Spider-Verse) (Metro Boomin & Future, Lil Uzi Vert)'}
Future;Chris Brown;{'label': 'Superhero (Heroes & Villains) [with Future & Chris Brown]'}
Future;Drake;{'label': 'Way 2 Sexy (with Future & Young Thug)'}
Future;Tems;{'label': 'WAIT FOR U (feat. Drake & Tems)'}
Future;Young Thug;{'label': 'Way 2 Sexy (with Future & Young Thug)'}
Don Toliver;WizKid;{'label': 'Link Up (Metro Boomin & Don Toliver, Wizkid feat. BEAM & Toian) - Spider-Verse Remix (Spider-Man: Across the Spider-Verse )'}
Don Toliver;Toian;{'label': 'Link Up (Metro Boomin & Don Toliver, Wizkid feat. BEAM & Toian) - Spider-Verse Remix (Spider-Man: Across the Spider-Verse )'}
Don Toliver;Beam;{'label': 'Link Up (Metro Boomin & Don Toliver, Wizkid feat. BEAM & Toian) - Spider-Verse Remix (Spider-Man: Across the Spider-Verse )'}
Eminem;Dina Rae;{'label': 'Superman'}
Eminem;Nate Dogg;{'label': "'Till I Collapse"}
Eminem;Dr. Dre;{'label': 'Gospel (with Eminem)'}
Eminem;Dido;{'label': 'Stan'}
Elton John;Pnau;{'label': 'Cold Heart - PNAU Remix'}
Elton John;Ed Sheeran;{'label': 'Merry Christmas'}
Elton John;Britney Spears;{'label': 'Hold Me Closer'}
Imagine Dragons;League of Legends;{'label': 'Enemy - from the series Arcane League of Legends'}
Imagine Dragons;JID;{'label': 'Enemy (with JID) - from the series Arcane League of Legends'}
Imagine Dragons;Arcane;{'label': 'Enemy - from the series Arcane League of Legends'}
Kendrick Lamar;Jay Rock;{'label': 'Money Trees'}
Kendrick Lamar;Beyoncï¿;{'label': 'AMERICA HAS A PROBLEM (feat. Kendrick Lamar)'}
Kendrick Lamar;Baby Keem;{'label': 'Savior'}
Kendrick Lamar;Blxst;{'label': 'Die Hard'}
Kendrick Lamar;Amanda Reifer;{'label': 'Die Hard'}
Kendrick Lamar;Sampha;{'label': 'Father Time (feat. Sampha)'}
Kendrick Lamar;Kodak Black;{'label': 'Silent Hill'}
Kendrick Lamar;Taylour Paige;{'label': 'We Cry Together'}
Kendrick Lamar;Sam Dew;{'label': 'Savior'}
Kendrick Lamar;Ghostface Killah;{'label': 'Purple Hearts'}
Kendrick Lamar;Summer Walker;{'label': 'Purple Hearts'}
Kendrick Lamar;Tanna Leone;{'label': 'Mr. Morale'}
Kendrick Lamar;Beth Gibbons;{'label': 'Mother I Sober (feat. Beth Gibbons of Portishead)'}
Jasiel Nuï¿½ï¿½ez;Peso P;{'label': 'Rosa Pastel'}
Taiu;Milo j;{'label': 'Rara Vez'}
Sebastian Yatra;Beï¿½ï;{'label': 'VAGABUNDO'}
Calvin Harris;Ellie Goulding;{'label': 'Miracle (with Ellie Goulding)'}
Calvin Harris;Rihanna;{'label': 'We Found Love'}
Calvin Harris;Jessie Reyez;{'label': "I'm Not Here To Make Friends"}
Calvin Harris;Young Thug;{'label': 'Potion (with Dua Lipa & Young Thug)'}
Calvin Harris;Halsey;{'label': 'Stay With Me (with Justin Timberlake, Halsey, & Pharrell)'}
Calvin Harris;Pharrell Williams;{'label': 'Stay With Me (with Justin Timberlake, Halsey, & Pharrell)'}
Calvin Harris;Justin Timberlake;{'label': 'Stay With Me (with Justin Timberlake, Halsey, & Pharrell)'}
Ray Dalton;Ryan Lewis;{'label': "Can't Hold Us (feat. Ray Dalton)"}
Ray Dalton;Macklemore;{'label': "Can't Hold Us (feat. Ray Dalton)"}
Ryan Lewis;Macklemore;{'label': "Can't Hold Us (feat. Ray Dalton)"}
A Boogie Wit da Hoodie;NAV;{'label': 'Calling (Spider-Man: Across the Spider-Verse) (Metro Boomin & Swae Lee, NAV, feat. A Boogie Wit da Hoodie)'}
Travis Scott;Young Thug;{'label': 'Trance (with Travis Scott & Young Thug)'}
Travis Scott;Drake;{'label': 'Pussy & Millions (feat. Travis Scott)'}
Young Thug;Drake;{'label': 'Way 2 Sexy (with Future & Young Thug)'}
Sachin-Jigar;Shadab Faridi;{'label': 'Tere Vaaste (From "Zara Hatke Zara Bachke")'}
Sachin-Jigar;Altamash Faridi;{'label': 'Tere Vaaste (From "Zara Hatke Zara Bachke")'}
Sachin-Jigar;Amitabh Bhattacharya;{'label': 'Tere Vaaste (From "Zara Hatke Zara Bachke")'}
Sachin-Jigar;Varun Jain;{'label': 'Tere Vaaste (From "Zara Hatke Zara Bachke")'}
Sachin-Jigar;Arijit Singh;{'label': 'Apna Bana Le (From "Bhediya")'}
Sachin-Jigar;Amitabha Bhattacharya;{'label': 'Phir Aur Kya Chahiye (From "Zara Hatke Zara Bachke")'}
Shadab Faridi;Altamash Faridi;{'label': 'Tere Vaaste (From "Zara Hatke Zara Bachke")'}
Shadab Faridi;Amitabh Bhattacharya;{'label': 'Tere Vaaste (From "Zara Hatke Zara Bachke")'}
Shadab Faridi;Varun Jain;{'label': 'Tere Vaaste (From "Zara Hatke Zara Bachke")'}
Altamash Faridi;Amitabh Bhattacharya;{'label': 'Tere Vaaste (From "Zara Hatke Zara Bachke")'}
Altamash Faridi;Varun Jain;{'label': 'Tere Vaaste (From "Zara Hatke Zara Bachke")'}
Amitabh Bhattacharya;Varun Jain;{'label': 'Tere Vaaste (From "Zara Hatke Zara Bachke")'}
Amitabh Bhattacharya;Pritam;{'label': 'Kesariya (From "Brahmastra")'}
Amitabh Bhattacharya;Arijit Singh;{'label': 'Kesariya (From "Brahmastra")'}
Ed Sheeran;Fireboy DML;{'label': 'Peru'}
Ed Sheeran;Camila Cabello;{'label': 'Bam Bam (feat. Ed Sheeran)'}
Ed Sheeran;J Balvin;{'label': 'Sigue'}
Veigh;Bvga Beatz;{'label': 'Novo Balanï¿½'}
Veigh;Supernova Ent;{'label': 'Novo Balanï¿½'}
Veigh;Prod Malax;{'label': 'Novo Balanï¿½'}
Bvga Beatz;Supernova Ent;{'label': 'Novo Balanï¿½'}
Bvga Beatz;Prod Malax;{'label': 'Novo Balanï¿½'}
Supernova Ent;Prod Malax;{'label': 'Novo Balanï¿½'}
Mc Pedrinho;DJ 900;{'label': 'Gol Bolinha, Gol Quadrado 2'}
Mc Pedrinho;Pedro Sampaio;{'label': 'DANï¿½ï¿½A'}
Sog;Ryan Castro;{'label': 'QUEMA'}
Bomba Estï¿½ï¿½reo;Bad B;{'label': 'Ojitos Lindos'}
Don Omar;Lucenzo;{'label': 'Danza Kuduro'}
Ana Castela;AgroPlay;{'label': 'Nosso Quadro'}
Ana Castela;Israel & Rodolffo;{'label': 'Bombonzinho - Ao Vivo'}
Ana Castela;Melody;{'label': 'Pipoco'}
Ana Castela;Dj Chris No Beat;{'label': 'Pipoco'}
Bruno Mars;Anderson .Paak;{'label': 'Leave The Door Open'}
Bruno Mars;Silk Sonic;{'label': 'Leave The Door Open'}
Drake;WizKid;{'label': 'One Dance'}
Drake;Kyla;{'label': 'One Dance'}
Drake;Tems;{'label': 'WAIT FOR U (feat. Drake & Tems)'}
Drake;Project Pat;{'label': 'Knife Talk (with 21 Savage ft. Project Pat)'}
Drake;DJ Khaled;{'label': 'STAYING ALIVE (feat. Drake & Lil Baby)'}
Drake;Lil Baby;{'label': 'STAYING ALIVE (feat. Drake & Lil Baby)'}
Chris Brown;Rvssian;{'label': 'Nostï¿½ï¿½l'}
WizKid;Kyla;{'label': 'One Dance'}
WizKid;Toian;{'label': 'Link Up (Metro Boomin & Don Toliver, Wizkid feat. BEAM & Toian) - Spider-Verse Remix (Spider-Man: Across the Spider-Verse )'}
WizKid;Beam;{'label': 'Link Up (Metro Boomin & Don Toliver, Wizkid feat. BEAM & Toian) - Spider-Verse Remix (Spider-Man: Across the Spider-Verse )'}
A$AP Rocky;Roisee;{'label': 'Am I Dreaming (Metro Boomin & A$AP Rocky, Roisee)'}
Mora;Saiko;{'label': 'POLARIS - Remix'}
Mora;Sech;{'label': 'TUS Lï¿½ï¿½GR'}
Lil Wayne;Offset;{'label': 'Annihilate (Spider-Man: Across the Spider-Verse) (Metro Boomin & Swae Lee, Lil Wayne, Offset)'}
Offset;JID;{'label': 'Danger (Spider) (Offset & JID)'}
Kodak Black;NLE Choppa;{'label': 'Angel Pt 1 (feat. Jimin of BTS, JVKE & Muni Long)'}
Kodak Black;Muni Long;{'label': 'Angel Pt 1 (feat. Jimin of BTS, JVKE & Muni Long)'}
NLE Choppa;Muni Long;{'label': 'Angel Pt 1 (feat. Jimin of BTS, JVKE & Muni Long)'}
Arijit Singh;Amitabha Bhattacharya;{'label': 'Phir Aur Kya Chahiye (From "Zara Hatke Zara Bachke")'}
Arijit Singh;Vishal Dadlani;{'label': 'Jhoome Jo Pathaan'}
Arijit Singh;Sukriti Kakar;{'label': 'Jhoome Jo Pathaan'}
Arijit Singh;Vishal-Shekhar;{'label': 'Jhoome Jo Pathaan'}
Arijit Singh;Shekhar Ravjiani;{'label': 'Jhoome Jo Pathaan'}
Arijit Singh;Kumaar;{'label': 'Jhoome Jo Pathaan'}
Arijit Singh;Pritam;{'label': 'Kesariya (From "Brahmastra")'}
Becky G;Anitta;{'label': 'La Loto'}
Becky G;Tini;{'label': 'La Loto'}
Kaliii;Kaliii;{'label': 'Area Codes'}
Abhijay Sharma;Riar Saab;{'label': 'Obsessed'}
Semicenk;Doï¿½ï¿½u;{'label': 'Piï¿½ï¿½man Deï¿'}
Lil Uzi Vert;sped up nightcore;{'label': 'Watch This - ARIZONATEARS Pluggnb Remix'}
Lil Uzi Vert;ARIZONATEARS;{'label': 'Watch This - ARIZONATEARS Pluggnb Remix'}
RAYE;070 Shake;{'label': 'Escapism. - Sped Up'}
Arcangel;De La Ghetto;{'label': 'Se Le Ve'}
Arcangel;Justin Quiles;{'label': 'Se Le Ve'}
Arcangel;Lenny Tavï¿½ï¿½rez;{'label': 'Se Le Ve'}
Arcangel;Sech;{'label': 'Se Le Ve'}
Arcangel;Dalex;{'label': 'Se Le Ve'}
Arcangel;Dimelo Flow;{'label': 'Se Le Ve'}
Arcangel;Rich Music;{'label': 'Se Le Ve'}
Israel & Rodolffo;Mari Fernandez;{'label': 'Seu Brilho Sumiu - Ao Vivo'}
Mari Fernandez;Gustavo Mioto;{'label': 'Eu Gosto Assim - Ao Vivo'}
Halsey;Suga;{'label': 'Lilith (feat. SUGA of BTS) (Diablo IV Anthem)'}
Halsey;The Chainsmokers;{'label': 'Closer'}
Halsey;Pharrell Williams;{'label': 'Stay With Me (with Justin Timberlake, Halsey, & Pharrell)'}
Halsey;Justin Timberlake;{'label': 'Stay With Me (with Justin Timberlake, Halsey, & Pharrell)'}
Suga;PSY;{'label': 'That That (prod. & feat. SUGA of BTS)'}
Toian;Beam;{'label': 'Link Up (Metro Boomin & Don Toliver, Wizkid feat. BEAM & Toian) - Spider-Verse Remix (Spider-Man: Across the Spider-Verse )'}
Tini;Steve Aoki;{'label': 'Muï¿½ï¿½'}
Tini;La Joaqui;{'label': 'Muï¿½ï¿½'}
Tini;L-Gante;{'label': 'Bar'}
Tini;Anitta;{'label': 'La Loto'}
MC Caverinha;KayBlack;{'label': 'Cartï¿½ï¿½o B'}
JID;League of Legends;{'label': 'Enemy (with JID) - from the series Arcane League of Legends'}
JID;Arcane;{'label': 'Enemy (with JID) - from the series Arcane League of Legends'}
Migrantes;LiL CaKe;{'label': 'MERCHO'}
Migrantes;Nico Valdi;{'label': 'MERCHO'}
LiL CaKe;Nico Valdi;{'label': 'MERCHO'}
Mambo Kingz;DJ Luian;{'label': 'Mas Rica Que Ayer'}
Mambo Kingz;Anuel Aa;{'label': 'Mas Rica Que Ayer'}
DJ Luian;Anuel Aa;{'label': 'Mas Rica Que Ayer'}
Anuel Aa;Jhay Cortez;{'label': 'Sï¿½ï¿½'}
Anuel Aa;Nengo Flow;{'label': 'La Llevo Al Cielo (Ft. ï¿½ï¿½engo F'}
Anuel Aa;Chris Jedi;{'label': 'La Llevo Al Cielo (Ft. ï¿½ï¿½engo F'}
Nile Rodgers;LE SSERAFIM;{'label': 'UNFORGIVEN (feat. Nile Rodgers)'}
Nile Rodgers;Pharrell Williams;{'label': 'Get Lucky - Radio Edit'}
Agust D;IU;{'label': 'People Pt.2 (feat. IU)'}
Rich The Kid;Matuï¿;{'label': 'Conexï¿½ï¿½es de Mï¿½ï¿½fia (feat. Rich '}
Labrinth;Zendaya;{'label': 'All For Us - from the HBO Original Series Euphoria'}
Cartel De Santa;La Kelly;{'label': 'Shorty Party'}
TAEYANG;Lisa;{'label': 'Shoong! (feat. LISA of BLACKPINK)'}
sped up nightcore;ARIZONATEARS;{'label': 'Watch This - ARIZONATEARS Pluggnb Remix'}
Jhayco;Sech;{'label': 'En La De Ella'}
RM;Colde;{'label': "Don't ever say love me (feat. RM of BTS)"}
Nengo Flow;Chris Jedi;{'label': 'La Llevo Al Cielo (Ft. ï¿½ï¿½engo F'}
Nicky Youre;Dazy;{'label': 'Sunroof'}
Tiï¿½ï¿½sto;Tate M;{'label': '10:35'}
Tiï¿½ï¿½sto;Ava;{'label': 'The Motto'}
Tiï¿½ï¿½sto;Kar;{'label': "Don't Be Shy"}
Kanii;PR1ISVX;{'label': 'I Know - PR1SVX Edit'}
Coolio;L.V.;{'label': "Gangsta's Paradise"}
NICKI NICOLE;Cris Mj;{'label': 'Marisola - Remix'}
NICKI NICOLE;Standly;{'label': 'Marisola - Remix'}
NICKI NICOLE;Stars Music Chile;{'label': 'Marisola - Remix'}
Cris Mj;Standly;{'label': 'Marisola - Remix'}
Cris Mj;Stars Music Chile;{'label': 'Marisola - Remix'}
Cris Mj;Ak4:20;{'label': 'Me Arrepentï¿'}
Cris Mj;Pailita;{'label': 'Me Arrepentï¿'}
Standly;Stars Music Chile;{'label': 'Marisola - Remix'}
Brray;Lyanno;{'label': 'LOKERA'}
Robin Schulz;Oliver Tree;{'label': 'Miss You'}
Oliver Tree;Twisted;{'label': 'WORTH NOTHING'}
Lady Gaga;Bradley Cooper;{'label': 'Shallow'}
Doja Cat;Tyga;{'label': 'Freaky Deaky'}
MC Xenon;Os Gemeos da Putaria;{'label': 'Sem Alianï¿½ï¿½a no '}
League of Legends;Arcane;{'label': 'Enemy - from the series Arcane League of Legends'}
XXXTENTACION;Kanye West;{'label': 'True Love'}
J Balvin;Nio Garcia;{'label': 'AM Remix'}
Yuridia;Angela Aguilar;{'label': 'Quï¿½ï¿½ Ago'}
Lil Nas X;Jack Harlow;{'label': 'INDUSTRY BABY (feat. Jack Harlow)'}
Vishal Dadlani;Sukriti Kakar;{'label': 'Jhoome Jo Pathaan'}
Vishal Dadlani;Vishal-Shekhar;{'label': 'Besharam Rang (From "Pathaan")'}
Vishal Dadlani;Shekhar Ravjiani;{'label': 'Besharam Rang (From "Pathaan")'}
Vishal Dadlani;Kumaar;{'label': 'Besharam Rang (From "Pathaan")'}
Vishal Dadlani;Shilpa Rao;{'label': 'Besharam Rang (From "Pathaan")'}
Vishal Dadlani;Caralisa Monteiro;{'label': 'Besharam Rang (From "Pathaan")'}
Sukriti Kakar;Vishal-Shekhar;{'label': 'Jhoome Jo Pathaan'}
Sukriti Kakar;Shekhar Ravjiani;{'label': 'Jhoome Jo Pathaan'}
Sukriti Kakar;Kumaar;{'label': 'Jhoome Jo Pathaan'}
Vishal-Shekhar;Shekhar Ravjiani;{'label': 'Besharam Rang (From "Pathaan")'}
Vishal-Shekhar;Kumaar;{'label': 'Besharam Rang (From "Pathaan")'}
Vishal-Shekhar;Shilpa Rao;{'label': 'Besharam Rang (From "Pathaan")'}
Vishal-Shekhar;Caralisa Monteiro;{'label': 'Besharam Rang (From "Pathaan")'}
Shekhar Ravjiani;Kumaar;{'label': 'Besharam Rang (From "Pathaan")'}
Shekhar Ravjiani;Shilpa Rao;{'label': 'Besharam Rang (From "Pathaan")'}
Shekhar Ravjiani;Caralisa Monteiro;{'label': 'Besharam Rang (From "Pathaan")'}
Kumaar;Shilpa Rao;{'label': 'Besharam Rang (From "Pathaan")'}
Kumaar;Caralisa Monteiro;{'label': 'Besharam Rang (From "Pathaan")'}
Steve Aoki;La Joaqui;{'label': 'Muï¿½ï¿½'}
Shilpa Rao;Caralisa Monteiro;{'label': 'Besharam Rang (From "Pathaan")'}
DJ Escobar;MC MENOR SG;{'label': 'Evoque Prata'}
DJ Escobar;MC MENOR HR;{'label': 'Evoque Prata'}
MC MENOR SG;MC MENOR HR;{'label': 'Evoque Prata'}
Skrillex;Flowdan;{'label': 'Rumble'}
Skrillex;Fred again..;{'label': 'Rumble'}
Flowdan;Fred again..;{'label': 'Rumble'}
Lost Frequencies;Calum Scott;{'label': 'Where Are You Now'}
James Hype;Miggy Dela Rosa;{'label': 'Ferrari'}
Styrx;utku INC;{'label': 'Agudo Mï¿½ï¿½gi'}
Styrx;Thezth;{'label': 'Agudo Mï¿½ï¿½gi'}
utku INC;Thezth;{'label': 'Agudo Mï¿½ï¿½gi'}
Maroon 5;Wiz Khalifa;{'label': 'Payphone'}
John Lennon;The Harlem Community Choir;{'label': 'Happy Xmas (War Is Over)'}
John Lennon;The Plastic Ono Band;{'label': 'Happy Xmas (War Is Over)'}
John Lennon;Yoko Ono;{'label': 'Happy Xmas (War Is Over)'}
The Harlem Community Choir;The Plastic Ono Band;{'label': 'Happy Xmas (War Is Over)'}
The Harlem Community Choir;Yoko Ono;{'label': 'Happy Xmas (War Is Over)'}
The Plastic Ono Band;Yoko Ono;{'label': 'Happy Xmas (War Is Over)'}
Frank Sinatra;B. Swanson Quartet;{'label': 'Let It Snow! Let It Snow! Let It Snow!'}
Bing Crosby;John Scott Trotter & His Orchestra;{'label': 'White Christmas'}
Bing Crosby;Ken Darby Singers;{'label': 'White Christmas'}
John Scott Trotter & His Orchestra;Ken Darby Singers;{'label': 'White Christmas'}
Perry Como;The Fontane Sisters;{'label': "It's Beginning to Look a Lot Like Christmas (with Mitchell Ayres & His Orchestra)"}
Perry Como;Mitchell Ayres & His Orchestra;{'label': "It's Beginning to Look a Lot Like Christmas (with Mitchell Ayres & His Orchestra)"}
The Fontane Sisters;Mitchell Ayres & His Orchestra;{'label': "It's Beginning to Look a Lot Like Christmas (with Mitchell Ayres & His Orchestra)"}
Mabel Matiz;Mert Demir;{'label': 'Antidepresan'}
Dj LK da Escï¿½ï¿½cia;Tchakabum;{'label': 'Tubarï¿½ï¿½o Te'}
Dj LK da Escï¿½ï¿½cia;mc jhenny;{'label': 'Tubarï¿½ï¿½o Te'}
Dj LK da Escï¿½ï¿½cia;M;{'label': 'Tubarï¿½ï¿½o Te'}
Tchakabum;mc jhenny;{'label': 'Tubarï¿½ï¿½o Te'}
Tchakabum;M;{'label': 'Tubarï¿½ï¿½o Te'}
mc jhenny;M;{'label': 'Tubarï¿½ï¿½o Te'}
Gwen Stefani;Blake Shelton;{'label': 'You Make It Feel Like Christmas (feat. Blake Shelton)'}
Lauren Spencer Smith;Lauren Spencer Smith;{'label': 'Fingers Crossed'}
Cherish;ACRAZE;{'label': 'Do It To It'}
Adassa;Mauro Castillo;{'label': "We Don't Talk About Bruno"}
Adassa;Stephanie Beatriz;{'label': "We Don't Talk About Bruno"}
Adassa;Encanto - Cast;{'label': "We Don't Talk About Bruno"}
Adassa;Rhenzy Feliz;{'label': "We Don't Talk About Bruno"}
Adassa;Diane Guerrero;{'label': "We Don't Talk About Bruno"}
Adassa;Carolina Gaitan;{'label': "We Don't Talk About Bruno"}
Mauro Castillo;Stephanie Beatriz;{'label': "We Don't Talk About Bruno"}
Mauro Castillo;Encanto - Cast;{'label': "We Don't Talk About Bruno"}
Mauro Castillo;Rhenzy Feliz;{'label': "We Don't Talk About Bruno"}
Mauro Castillo;Diane Guerrero;{'label': "We Don't Talk About Bruno"}
Mauro Castillo;Carolina Gaitan;{'label': "We Don't Talk About Bruno"}
Stephanie Beatriz;Encanto - Cast;{'label': 'The Family Madrigal'}
Stephanie Beatriz;Rhenzy Feliz;{'label': "We Don't Talk About Bruno"}
Stephanie Beatriz;Diane Guerrero;{'label': 'What Else Can I Do?'}
Stephanie Beatriz;Carolina Gaitan;{'label': "We Don't Talk About Bruno"}
Stephanie Beatriz;Olga Merediz;{'label': 'The Family Madrigal'}
Encanto - Cast;Rhenzy Feliz;{'label': "We Don't Talk About Bruno"}
Encanto - Cast;Diane Guerrero;{'label': "We Don't Talk About Bruno"}
Encanto - Cast;Carolina Gaitan;{'label': "We Don't Talk About Bruno"}
Encanto - Cast;Olga Merediz;{'label': 'The Family Madrigal'}
Rhenzy Feliz;Diane Guerrero;{'label': "We Don't Talk About Bruno"}
Rhenzy Feliz;Carolina Gaitan;{'label': "We Don't Talk About Bruno"}
Diane Guerrero;Carolina Gaitan;{'label': "We Don't Talk About Bruno"}
Ckay;AX'EL;{'label': 'Love Nwantiti - Remix'}
Ckay;Dj Yo!;{'label': 'Love Nwantiti - Remix'}
Aitana;zzoilo;{'label': 'Mon Amour - Remix'}
Juan Cruz Toledo;Huilen Toledo;{'label': 'traitor'}
BoyWithUke;Blackbear;{'label': 'IDGAF (with blackbear)'}
Xamï¿½ï¿½;Gustah;{'label': 'Malvadï¿½ï¿'}
Xamï¿½ï¿½;Neo B;{'label': 'Malvadï¿½ï¿'}
Gustah;Neo B;{'label': 'Malvadï¿½ï¿'}
Justin Quiles;Lenny Tavï¿½ï¿½rez;{'label': 'Se Le Ve'}
Justin Quiles;BL;{'label': 'Medallo'}
Justin Quiles;De La Ghetto;{'label': 'Se Le Ve'}
Justin Quiles;Sech;{'label': 'Se Le Ve'}
Justin Quiles;Dalex;{'label': 'Se Le Ve'}
Justin Quiles;Dimelo Flow;{'label': 'Se Le Ve'}
Justin Quiles;Rich Music;{'label': 'Se Le Ve'}
Lenny Tavï¿½ï¿½rez;BL;{'label': 'Medallo'}
Lenny Tavï¿½ï¿½rez;De La Ghetto;{'label': 'Se Le Ve'}
Lenny Tavï¿½ï¿½rez;Sech;{'label': 'Se Le Ve'}
Lenny Tavï¿½ï¿½rez;Dalex;{'label': 'Se Le Ve'}
Lenny Tavï¿½ï¿½rez;Dimelo Flow;{'label': 'Se Le Ve'}
Lenny Tavï¿½ï¿½rez;Rich Music;{'label': 'Se Le Ve'}
Shawn Mendes;Camila Cabello;{'label': 'Seï¿½ï¿½o'}
AX'EL;Dj Yo!;{'label': 'Love Nwantiti - Remix'}
Anderson .Paak;Silk Sonic;{'label': 'Leave The Door Open'}
THE ANXIETY;Willow;{'label': 'Meet Me At Our Spot'}
THE ANXIETY;Tyler Cole;{'label': 'Meet Me At Our Spot'}
Willow;Tyler Cole;{'label': 'Meet Me At Our Spot'}
Willow;Camila Cabello;{'label': 'psychofreak (feat. WILLOW)'}
Daniel Caesar;Giveon;{'label': 'Peaches (feat. Daniel Caesar & Giveon)'}
NEIKED;Mae Muller;{'label': 'Better Days (NEIKED x Mae Muller x Polo G)'}
NEIKED;Polo G;{'label': 'Better Days (NEIKED x Mae Muller x Polo G)'}
Mae Muller;Polo G;{'label': 'Better Days (NEIKED x Mae Muller x Polo G)'}
Amaarae;Moliy;{'label': 'Sad Girlz Luv Money Remix (feat. Kali Uchis)'}
Sech;De La Ghetto;{'label': 'Se Le Ve'}
Sech;Dalex;{'label': 'Se Le Ve'}
Sech;Dimelo Flow;{'label': 'Se Le Ve'}
Sech;Rich Music;{'label': 'Se Le Ve'}
24kgoldn;Iann Dior;{'label': 'Mood (feat. Iann Dior)'}
Kanye West;Alicia Keys;{'label': 'City of Gods'}
Kanye West;Fivio Foreign;{'label': 'City of Gods'}
Kanye West;Cardi B;{'label': 'Hot Shit (feat. Ye & Lil Durk)'}
Prezioso;Gabry Ponte;{'label': 'Thunder'}
Prezioso;LUM!X;{'label': 'Thunder'}
Gabry Ponte;LUM!X;{'label': 'Thunder'}
Marï¿½ï¿½lia Mendonï¿½ï¿½a;George Henrique &;{'label': 'Vai Lï¿½ï¿½ Em Casa '}
Marï¿½ï¿½lia Mendonï¿½ï¿½a;Maiara &;{'label': 'Esqueï¿½ï¿½a-Me Se For C'}
Marï¿½ï¿½lia Mendonï¿½ï¿½a;Hugo & G;{'label': 'Mal Feito - Ao Vivo'}
Charli XCX;Jax Jones;{'label': 'OUT OUT (feat. Charli XCX & Saweetie)'}
Charli XCX;Joel Corry;{'label': 'OUT OUT (feat. Charli XCX & Saweetie)'}
Charli XCX;Saweetie;{'label': 'OUT OUT (feat. Charli XCX & Saweetie)'}
Jax Jones;Joel Corry;{'label': 'OUT OUT (feat. Charli XCX & Saweetie)'}
Jax Jones;Saweetie;{'label': 'OUT OUT (feat. Charli XCX & Saweetie)'}
Jax Jones;MNEK;{'label': 'Where Did You Go?'}
Joel Corry;Saweetie;{'label': 'OUT OUT (feat. Charli XCX & Saweetie)'}
Sleepy hallow;347aidan;{'label': 'Die Young (feat. 347aidan)'}
Baby Keem;Sam Dew;{'label': 'Savior'}
Riton;Nightcrawlers;{'label': 'Friday (feat. Mufasa & Hypeman) - Dopamine Re-Edit'}
Riton;Mufasa & Hypeman;{'label': 'Friday (feat. Mufasa & Hypeman) - Dopamine Re-Edit'}
Riton;Dopamine;{'label': 'Friday (feat. Mufasa & Hypeman) - Dopamine Re-Edit'}
Nightcrawlers;Mufasa & Hypeman;{'label': 'Friday (feat. Mufasa & Hypeman) - Dopamine Re-Edit'}
Nightcrawlers;Dopamine;{'label': 'Friday (feat. Mufasa & Hypeman) - Dopamine Re-Edit'}
Mufasa & Hypeman;Dopamine;{'label': 'Friday (feat. Mufasa & Hypeman) - Dopamine Re-Edit'}
De La Ghetto;Dalex;{'label': 'Se Le Ve'}
De La Ghetto;Dimelo Flow;{'label': 'Se Le Ve'}
De La Ghetto;Rich Music;{'label': 'Se Le Ve'}
De La Ghetto;Polima WestCoast;{'label': 'ULTRA SOLO REMIX'}
De La Ghetto;Paloma Mami;{'label': 'ULTRA SOLO REMIX'}
De La Ghetto;Pailita;{'label': 'ULTRA SOLO REMIX'}
Dalex;Dimelo Flow;{'label': 'Se Le Ve'}
Dalex;Rich Music;{'label': 'Se Le Ve'}
Dimelo Flow;Rich Music;{'label': 'Se Le Ve'}
Lil Baby;DJ Khaled;{'label': 'STAYING ALIVE (feat. Drake & Lil Baby)'}
Katy Perry;Alesso;{'label': 'When Iï¿½ï¿½ï¿½m Gone (with Katy '}
Dr. Dre;Snoop Dogg;{'label': 'The Next Episode'}
Dr. Dre;2Pac;{'label': 'California Love - Original Version (Explicit)'}
Dr. Dre;Roger;{'label': 'California Love - Original Version (Explicit)'}
Snoop Dogg;Benny Blanco;{'label': 'Bad Decisions (with BTS & Snoop Dogg)'}
Alicia Keys;Fivio Foreign;{'label': 'City of Gods'}
Mahmood;Blanco;{'label': 'Brividi'}
Intense;AP Dhillon;{'label': 'Excuses'}
Intense;Gurinder Gill;{'label': 'Excuses'}
AP Dhillon;Gurinder Gill;{'label': 'Excuses'}
La Pantera;Juseph;{'label': 'Cayï¿½ï¿½ La Noche (feat. Cruz Cafunï¿½ï¿½, Abhir Hathi, Bejo, EL IMA)'}
La Pantera;Cruz Cafunï¿½ï¿½;{'label': 'Cayï¿½ï¿½ La Noche (feat. Cruz Cafunï¿½ï¿½, Abhir Hathi, Bejo, EL IMA)'}
La Pantera;Bï¿½ï¿½jo;{'label': 'Cayï¿½ï¿½ La Noche (feat. Cruz Cafunï¿½ï¿½, Abhir Hathi, Bejo, EL IMA)'}
La Pantera;Abhir Hathi;{'label': 'Cayï¿½ï¿½ La Noche (feat. Cruz Cafunï¿½ï¿½, Abhir Hathi, Bejo, EL IMA)'}
Juseph;Cruz Cafunï¿½ï¿½;{'label': 'Cayï¿½ï¿½ La Noche (feat. Cruz Cafunï¿½ï¿½, Abhir Hathi, Bejo, EL IMA)'}
Juseph;Bï¿½ï¿½jo;{'label': 'Cayï¿½ï¿½ La Noche (feat. Cruz Cafunï¿½ï¿½, Abhir Hathi, Bejo, EL IMA)'}
Juseph;Abhir Hathi;{'label': 'Cayï¿½ï¿½ La Noche (feat. Cruz Cafunï¿½ï¿½, Abhir Hathi, Bejo, EL IMA)'}
Cruz Cafunï¿½ï¿½;Bï¿½ï¿½jo;{'label': 'Cayï¿½ï¿½ La Noche (feat. Cruz Cafunï¿½ï¿½, Abhir Hathi, Bejo, EL IMA)'}
Cruz Cafunï¿½ï¿½;Abhir Hathi;{'label': 'Cayï¿½ï¿½ La Noche (feat. Cruz Cafunï¿½ï¿½, Abhir Hathi, Bejo, EL IMA)'}
Bï¿½ï¿½jo;Abhir Hathi;{'label': 'Cayï¿½ï¿½ La Noche (feat. Cruz Cafunï¿½ï¿½, Abhir Hathi, Bejo, EL IMA)'}
2Pac;Roger;{'label': 'California Love - Original Version (Explicit)'}
Luude;Colin Hay;{'label': 'Down Under (feat. Colin Hay)'}
GODZZ__-;Zakaria;{'label': 'Contection'}
Mainstreet;Chefin;{'label': '212'}
Kevin Gates;Juicy J;{'label': 'Thinking with My Dick'}
Gotye;Kimbra;{'label': 'Somebody That I Used To Know'}
AnnenMayKantereit;Giant Rooks;{'label': "Tom's Diner"}
Alejo;Robi;{'label': 'Pantysito'}
Matuï¿½ï¿½;Wiu;{'label': 'Vampiro'}
Matuï¿½ï¿½;;{'label': 'Vampiro'}
Wiu;;{'label': 'Vampiro'}
Ak4:20;Pailita;{'label': 'Me Arrepentï¿'}
Pailita;Polima WestCoast;{'label': 'ULTRA SOLO REMIX'}
Pailita;Paloma Mami;{'label': 'ULTRA SOLO REMIX'}
Luï¿½ï¿½sa Sonza;MC Frog;{'label': 'sentaDONA (Remix) s2'}
Luï¿½ï¿½sa Sonza;Dj Gabriel do Borel;{'label': 'sentaDONA (Remix) s2'}
Luï¿½ï¿½sa Sonza;Davi K;{'label': 'sentaDONA (Remix) s2'}
MC Frog;Dj Gabriel do Borel;{'label': 'sentaDONA (Remix) s2'}
MC Frog;Davi K;{'label': 'sentaDONA (Remix) s2'}
Dj Gabriel do Borel;Davi K;{'label': 'sentaDONA (Remix) s2'}
Pharrell Williams;Justin Timberlake;{'label': 'Stay With Me (with Justin Timberlake, Halsey, & Pharrell)'}
Jordan Fisher;Josh Levi;{'label': 'Nobody Like U - From "Turning Red"'}
Jordan Fisher;Finneas O'Connell;{'label': 'Nobody Like U - From "Turning Red"'}
Jordan Fisher;4*TOWN (From Disney and Pixarï¿½ï¿½ï¿½s Turning Red);{'label': 'Nobody Like U - From "Turning Red"'}
Jordan Fisher;Topher Ngo;{'label': 'Nobody Like U - From "Turning Red"'}
Jordan Fisher;Grayson Vill;{'label': 'Nobody Like U - From "Turning Red"'}
Josh Levi;Finneas O'Connell;{'label': 'Nobody Like U - From "Turning Red"'}
Josh Levi;4*TOWN (From Disney and Pixarï¿½ï¿½ï¿½s Turning Red);{'label': 'Nobody Like U - From "Turning Red"'}
Josh Levi;Topher Ngo;{'label': 'Nobody Like U - From "Turning Red"'}
Josh Levi;Grayson Vill;{'label': 'Nobody Like U - From "Turning Red"'}
Finneas O'Connell;4*TOWN (From Disney and Pixarï¿½ï¿½ï¿½s Turning Red);{'label': 'Nobody Like U - From "Turning Red"'}
Finneas O'Connell;Topher Ngo;{'label': 'Nobody Like U - From "Turning Red"'}
Finneas O'Connell;Grayson Vill;{'label': 'Nobody Like U - From "Turning Red"'}
4*TOWN (From Disney and Pixarï¿½ï¿½ï¿½s Turning Red);Topher Ngo;{'label': 'Nobody Like U - From "Turning Red"'}
4*TOWN (From Disney and Pixarï¿½ï¿½ï¿½s Turning Red);Grayson Vill;{'label': 'Nobody Like U - From "Turning Red"'}
Topher Ngo;Grayson Vill;{'label': 'Nobody Like U - From "Turning Red"'}
Blxst;Amanda Reifer;{'label': 'Die Hard'}
Ghostface Killah;Summer Walker;{'label': 'Purple Hearts'}
Polima WestCoast;Paloma Mami;{'label': 'ULTRA SOLO REMIX'}
Polima WestCoast;Fran C;{'label': 'BABY OTAKU'}
Polima WestCoast;Nickoog Clk;{'label': 'BABY OTAKU'}
Polima WestCoast;Pablito Pesadilla;{'label': 'BABY OTAKU'}
Luciano;Aitch;{'label': 'Bamba (feat. Aitch & BIA)'}
Luciano;Bï¿½;{'label': 'Bamba (feat. Aitch & BIA)'}
Shae Gill;Ali Sethi;{'label': 'Pasoori'}
Ugly Dray;Tesla Jnr;{'label': "I Tried to Tell Y'all"}
BYOR;Imanbek;{'label': 'Belly Dancer'}
Ella Henderson;Becky Hill;{'label': 'Crazy What Love Can Do'}
Schï¿½ï¿½rze;DJ R;{'label': 'Layla'}
L7nnon;DJ Biel do Furduncinho;{'label': 'Ai Preto'}
L7nnon;Bianca;{'label': 'Ai Preto'}
DJ Biel do Furduncinho;Bianca;{'label': 'Ai Preto'}
Mc Vitin Da Igrejinha;MC Tairon;{'label': 'Baile no Morro'}
Mc Vitin Da Igrejinha;DJ Win;{'label': 'Baile no Morro'}
MC Tairon;DJ Win;{'label': 'Baile no Morro'}
Luis R Conriquez;La Adictiva;{'label': 'JGL'}
Melody;Dj Chris No Beat;{'label': 'Pipoco'}
Interplanetary Criminal;Eliza Rose;{'label': 'B.O.T.A. (Baddest Of Them All) - Edit'}
Fran C;Nickoog Clk;{'label': 'BABY OTAKU'}
Fran C;Pablito Pesadilla;{'label': 'BABY OTAKU'}
Nickoog Clk;Pablito Pesadilla;{'label': 'BABY OTAKU'}
Rosa Walton;Hallie Coggins;{'label': 'I Really Want to Stay at Your House'}
Aitch;Bï¿½;{'label': 'Bamba (feat. Aitch & BIA)'}
MC Ryan SP;Love Funk;{'label': 'Casei Com a Putaria'}
MC Ryan SP;Mc Paiva ZS;{'label': 'Casei Com a Putaria'}
Love Funk;Mc Paiva ZS;{'label': 'Casei Com a Putaria'}
Ludwig Goransson;Foudeqush;{'label': 'Con La Brisa'}
