track,artist
Seven (feat. Latto) (Explicit Ver.),Latto
Seven (feat. Latto) (Explicit Ver.),Jung Kook
LALA,Myke Towers
vampire,Olivia Rodrigo
Cruel Summer,Taylor Swift
WHERE SHE GOES,Bad Bunny
Sprinter,Dave
Sprinter,Central Cee
Ella Baila Sola,Eslabon Armado
Ella Baila Sola,Peso Pluma
Columbia,Quevedo
fukumean,Gunna
La Bebe - Remix,Peso Pluma
La Bebe - Remix,Yng Lvcas
un x100to,Bad Bunny
un x100to,Grupo Frontera
Super Shy,NewJeans
Flowers,Miley Cyrus
Daylight,David Kushner
As It Was,Harry Styles
Kill Bill,SZA
Cupid - Twin Ver.,Fifty Fifty
"What Was I Made For? [From The Motion Picture ""Barbie""]",Billie Eilish
Classy 101,Feid
Classy 101,Young Miko
Like Crazy,Jimin
LADY GAGA,Gabito Ballesteros
LADY GAGA,Junior H
LADY GAGA,Peso Pluma
I Can See You (Taylorï¿½ï¿½ï¿½s Version) (From The ,Taylor Swift
I Wanna Be Yours,Arctic Monkeys
"Peso Pluma: Bzrp Music Sessions, Vol. 55",Bizarrap
"Peso Pluma: Bzrp Music Sessions, Vol. 55",Peso Pluma
Popular (with Playboi Carti & Madonna) - The Idol Vol. 1 (Music from the HBO Original Series),The Weeknd
Popular (with Playboi Carti & Madonna) - The Idol Vol. 1 (Music from the HBO Original Series),Madonna
Popular (with Playboi Carti & Madonna) - The Idol Vol. 1 (Music from the HBO Original Series),Playboi Carti
SABOR FRESA,Fuerza Regida
Calm Down (with Selena Gomez),Rï¿½ï¿½ma
Calm Down (with Selena Gomez),Selena G
MOJABI GHOST,Tainy
MOJABI GHOST,Bad Bunny
Last Night,Morgan Wallen
Dance The Night (From Barbie The Album),Dua Lipa
Rush,Troye Sivan
TULUM,Peso Pluma
TULUM,Grupo Frontera
Creepin',The Weeknd
Creepin',21 Savage
Creepin',Metro Boomin
Anti-Hero,Taylor Swift
TQG,Karol G
TQG,Shakira
Los del Espacio,Big One
Los del Espacio,Duki
Los del Espacio,Lit Killah
Los del Espacio,Maria Becerra
Los del Espacio,FMK
Los del Espacio,Rusherking
Los del Espacio,Emilia
Los del Espacio,Tiago pzk
Frï¿½ï¿½gil (feat. Grupo Front,Yahritza Y Su Esencia
Frï¿½ï¿½gil (feat. Grupo Front,Grupo Frontera
Blank Space,Taylor Swift
Style,Taylor Swift
TQM,Fuerza Regida
El Azul,Junior H
El Azul,Peso Pluma
Sunflower - Spider-Man: Into the Spider-Verse,Post Malone
Sunflower - Spider-Man: Into the Spider-Verse,Swae Lee
I'm Good (Blue),Bebe Rexha
I'm Good (Blue),David Guetta
See You Again,Tyler
See You Again,The Creator
See You Again,Kali Uchis
Barbie World (with Aqua) [From Barbie The Album],Nicki Minaj
Barbie World (with Aqua) [From Barbie The Album],Aqua
Barbie World (with Aqua) [From Barbie The Album],Ice Spice
Angels Like You,Miley Cyrus
I Ain't Worried,OneRepublic
Die For You,The Weeknd
Starboy,The Weeknd
Starboy,Daft Punk
Die For You - Remix,Ariana Grande
Die For You - Remix,The Weeknd
El Cielo,Feid
El Cielo,Myke Towers
El Cielo,Sky Rompiendo
Baby Don't Hurt Me,David Guetta
Baby Don't Hurt Me,Anne-Marie
Baby Don't Hurt Me,Coi Leray
AMARGURA,Karol G
(It Goes Like) Nanana - Edit,Peggy Gou
Another Love,Tom Odell
Blinding Lights,The Weeknd
Moonlight,Kali Uchis
La Bachata,Manuel Turizo
S91,Karol G
cardigan,Taylor Swift
Tï¿½ï¿,dennis
Tï¿½ï¿,MC Kevin o Chris
Boy's a liar Pt. 2,PinkPantheress
Boy's a liar Pt. 2,Ice Spice
Left and Right (Feat. Jung Kook of BTS),Charlie Puth
Left and Right (Feat. Jung Kook of BTS),BTS
Left and Right (Feat. Jung Kook of BTS),Jung Kook
BESO,Rauw Alejandro
BESO,ROSALï¿½
Hey Mor,Ozuna
Hey Mor,Feid
Yellow,Chris Molitor
Karma,Taylor Swift
People,Libianca
Overdrive,Post Malone
Enchanted (Taylor's Version),Taylor Swift
BABY HELLO,Rauw Alejandro
BABY HELLO,Bizarrap
Heat Waves,Glass Animals
golden hour,JVKE
Sweater Weather,The Neighbourhood
"Quevedo: Bzrp Music Sessions, Vol. 52",Bizarrap
"Quevedo: Bzrp Music Sessions, Vol. 52",Quevedo
Viva La Vida,Coldplay
Here With Me,d4vd
Unholy (feat. Kim Petras),Sam Smith
Unholy (feat. Kim Petras),Kim Petras
Yandel 150,Yandel
Yandel 150,Feid
CORAZï¿½ï¿½N VA,Maria Becerra
Riptide,Vance Joy
Until I Found You (with Em Beihold) - Em Beihold Version,Em Beihold
Until I Found You (with Em Beihold) - Em Beihold Version,Stephen Sanchez
Novidade na ï¿½ï¿,Mc Livinho
Novidade na ï¿½ï¿,DJ Matt D
Back To December (Taylor's Version),Taylor Swift
STAY (with Justin Bieber),Justin Bieber
STAY (with Justin Bieber),The Kid Laroi
El Merengue,Marshmello
El Merengue,Manuel Turizo
Someone You Loved,Lewis Capaldi
Me Porto Bonito,Chencho Corleone
Me Porto Bonito,Bad Bunny
Makeba,Jain
MONTAGEM - FR PUNK,Ayparia
MONTAGEM - FR PUNK,unxbected
Fast Car,Luke Combs
What It Is (Solo Version),Doechii
Coco Chanel,Bad Bunny
Coco Chanel,Eladio Carrion
Donï¿½ï¿½ï¿½t Bl,Taylor Swift
Still With You,Jung Kook
All My Life (feat. J. Cole),J. Cole
All My Life (feat. J. Cole),Lil Durk
Say Yes To Heaven,Lana Del Rey
Snooze,SZA
Summertime Sadness,Lana Del Rey
Take Two,BTS
Lover,Taylor Swift
Too Many Nights (feat. Don Toliver & with Future),Future
Too Many Nights (feat. Don Toliver & with Future),Metro Boomin
Too Many Nights (feat. Don Toliver & with Future),Don Toliver
Chemical,Post Malone
Mockingbird,Eminem
New Jeans,NewJeans
Primera Cita,Carin Leon
Cold Heart - PNAU Remix,Dua Lipa
Cold Heart - PNAU Remix,Elton John
Cold Heart - PNAU Remix,Pnau
Dandelions,Ruth B.
Bones,Imagine Dragons
Set Fire to the Rain,Adele
Money Trees,Kendrick Lamar
Money Trees,Jay Rock
Tak Segampang Itu,Anggi Marito
LAGUNAS,Jasiel Nuï¿½ï¿½ez
LAGUNAS,Peso P
Mine (Taylor's Version),Taylor Swift
Everybody Wants To Rule The World,Tears For Fears
No Role Modelz,J. Cole
Tattoo,Loreen
Rara Vez,Taiu
Rara Vez,Milo j
VAGABUNDO,Sebastian Yatra
VAGABUNDO,Manuel Turizo
VAGABUNDO,Beï¿½ï
august,Taylor Swift
LUNA,Junior H
LUNA,Peso Pluma
Miracle (with Ellie Goulding),Calvin Harris
Miracle (with Ellie Goulding),Ellie Goulding
Nonsense,Sabrina Carpenter
Que Vuelvas,Carin Leon
Que Vuelvas,Grupo Frontera
Por las Noches,Peso Pluma
Feliz Cumpleaï¿½ï¿½os Fe,Feid
Can't Hold Us (feat. Ray Dalton),Ray Dalton
Can't Hold Us (feat. Ray Dalton),Ryan Lewis
Can't Hold Us (feat. Ray Dalton),Macklemore
Watermelon Sugar,Harry Styles
lovely - Bonus Track,Billie Eilish
lovely - Bonus Track,Khalid
"Rauw Alejandro: Bzrp Music Sessions, Vol. 56",Rauw Alejandro
"Rauw Alejandro: Bzrp Music Sessions, Vol. 56",Bizarrap
Queencard,(G)I-DLE
OMG,NewJeans
Radio,Lana Del Rey
"Shakira: Bzrp Music Sessions, Vol. 53",Shakira
"Shakira: Bzrp Music Sessions, Vol. 53",Bizarrap
505,Arctic Monkeys
"Calling (Spider-Man: Across the Spider-Verse) (Metro Boomin & Swae Lee, NAV, feat. A Boogie Wit da Hoodie)",Swae Lee
"Calling (Spider-Man: Across the Spider-Verse) (Metro Boomin & Swae Lee, NAV, feat. A Boogie Wit da Hoodie)",A Boogie Wit da Hoodie
"Calling (Spider-Man: Across the Spider-Verse) (Metro Boomin & Swae Lee, NAV, feat. A Boogie Wit da Hoodie)",Metro Boomin
"Calling (Spider-Man: Across the Spider-Verse) (Metro Boomin & Swae Lee, NAV, feat. A Boogie Wit da Hoodie)",NAV
Trance (with Travis Scott & Young Thug),Travis Scott
Trance (with Travis Scott & Young Thug),Young Thug
Trance (with Travis Scott & Young Thug),Metro Boomin
"Tere Vaaste (From ""Zara Hatke Zara Bachke"")",Sachin-Jigar
"Tere Vaaste (From ""Zara Hatke Zara Bachke"")",Shadab Faridi
"Tere Vaaste (From ""Zara Hatke Zara Bachke"")",Altamash Faridi
"Tere Vaaste (From ""Zara Hatke Zara Bachke"")",Amitabh Bhattacharya
"Tere Vaaste (From ""Zara Hatke Zara Bachke"")",Varun Jain
Perfect,Ed Sheeran
Romantic Homicide,d4vd
Believer,Imagine Dragons
Novo Balanï¿½,Veigh
Novo Balanï¿½,Bvga Beatz
Novo Balanï¿½,Supernova Ent
Novo Balanï¿½,Prod Malax
"Gol Bolinha, Gol Quadrado 2",Mc Pedrinho
"Gol Bolinha, Gol Quadrado 2",DJ 900
Without Me,Eminem
QUEMA,Sog
QUEMA,Ryan Castro
QUEMA,Peso Pluma
Stargirl Interlude,The Weeknd
Stargirl Interlude,Lana Del Rey
Ojitos Lindos,Bomba Estï¿½ï¿½reo
Ojitos Lindos,Bad B
Somewhere Only We Know,Keane
Those Eyes,New West
El Gordo Trae El Mando,Chino Pacas
Mi Bello Angel,Natanael Cano
Bye,Peso Pluma
Danza Kuduro,Don Omar
Danza Kuduro,Lucenzo
Nosso Quadro,Ana Castela
Nosso Quadro,AgroPlay
Locked Out Of Heaven,Bruno Mars
Un Finde | CROSSOVER #2,Big One
Un Finde | CROSSOVER #2,FMK
Un Finde | CROSSOVER #2,Ke personajes
Jimmy Cooks (feat. 21 Savage),Drake
Jimmy Cooks (feat. 21 Savage),21 Savage
Counting Stars,OneRepublic
Ghost,Justin Bieber
Under The Influence,Chris Brown
PRC,Natanael Cano
PRC,Peso Pluma
Gasolina,Daddy Yankee
One Dance,Drake
One Dance,WizKid
One Dance,Kyla
Enchanted,Taylor Swift
Save Your Tears,The Weeknd
Sure Thing,Miguel
Every Breath You Take - Remastered 2003,The Police
The Night We Met,Lord Huron
We Found Love,Rihanna
We Found Love,Calvin Harris
When I Was Your Man,Bruno Mars
Let Me Down Slowly,Alec Benjamin
"Am I Dreaming (Metro Boomin & A$AP Rocky, Roisee)",A$AP Rocky
"Am I Dreaming (Metro Boomin & A$AP Rocky, Roisee)",Metro Boomin
"Am I Dreaming (Metro Boomin & A$AP Rocky, Roisee)",Roisee
Do I Wanna Know?,Arctic Monkeys
Demons,Imagine Dragons
ýýýýýýýýýýýý,YOASOBI
Reminder,The Weeknd
Shake It Off,Taylor Swift
Why'd You Only Call Me When You're High?,Arctic Monkeys
SNAP,Rosa Linn
Shape of You,Ed Sheeran
Night Changes,One Direction
Fin de Semana,Oscar Maydon
Fin de Semana,Junior H
Creep,Radiohead
Car's Outside,James Arthur
Apocalypse,Cigarettes After Sex
Cheques,Shubh
Pink + White,Frank Ocean
Circles,Post Malone
Just The Way You Are,Bruno Mars
Take Me To Church,Hozier
Bebe Dame,Fuerza Regida
Bebe Dame,Grupo Frontera
You Belong With Me (Taylorï¿½ï¿½ï¿½s Ve,Taylor Swift
Titi Me Preguntï¿,Bad Bunny
Better Than Revenge (Taylor's Version),Taylor Swift
Shut up My Moms Calling,Hotel Ugly
Have You Ever Seen The Rain?,Creedence Clearwater Revival
Es un Secreto,Plan B
POLARIS - Remix,Feid
POLARIS - Remix,Mora
POLARIS - Remix,Saiko
POLARIS - Remix,Quevedo
Ditto,NewJeans
Take On Me,a-ha
"Annihilate (Spider-Man: Across the Spider-Verse) (Metro Boomin & Swae Lee, Lil Wayne, Offset)",Swae Lee
"Annihilate (Spider-Man: Across the Spider-Verse) (Metro Boomin & Swae Lee, Lil Wayne, Offset)",Lil Wayne
"Annihilate (Spider-Man: Across the Spider-Verse) (Metro Boomin & Swae Lee, Lil Wayne, Offset)",Offset
"Annihilate (Spider-Man: Across the Spider-Verse) (Metro Boomin & Swae Lee, Lil Wayne, Offset)",Metro Boomin
"Angel Pt 1 (feat. Jimin of BTS, JVKE & Muni Long)",Kodak Black
"Angel Pt 1 (feat. Jimin of BTS, JVKE & Muni Long)",NLE Choppa
"Angel Pt 1 (feat. Jimin of BTS, JVKE & Muni Long)",Muni Long
"Angel Pt 1 (feat. Jimin of BTS, JVKE & Muni Long)",JVKE
"Angel Pt 1 (feat. Jimin of BTS, JVKE & Muni Long)",Jimin
Acrï¿½ï¿½s,Shakira
AMG,Natanael Cano
AMG,Gabito Ballesteros
AMG,Peso Pluma
"Phir Aur Kya Chahiye (From ""Zara Hatke Zara Bachke"")",Arijit Singh
"Phir Aur Kya Chahiye (From ""Zara Hatke Zara Bachke"")",Sachin-Jigar
"Phir Aur Kya Chahiye (From ""Zara Hatke Zara Bachke"")",Amitabha Bhattacharya
S-Class,Stray Kids
Hits Different,Taylor Swift
Chanel,Becky G
Chanel,Peso Pluma
Self Love (Spider-Man: Across the Spider-Verse) (Metro Boomin & Coi Leray),Metro Boomin
Self Love (Spider-Man: Across the Spider-Verse) (Metro Boomin & Coi Leray),Coi Leray
Area Codes,Kaliii
Area Codes,Kaliii
Abcdario,Junior H
Abcdario,Eden Muï¿½ï
Obsessed,Abhijay Sharma
Obsessed,Riar Saab
Piï¿½ï¿½man Deï¿,Semicenk
Piï¿½ï¿½man Deï¿,Doï¿½ï¿½u 
FLOWER,JISOO
"All The Way Live (Spider-Man: Across the Spider-Verse) (Metro Boomin & Future, Lil Uzi Vert)",Future
"All The Way Live (Spider-Man: Across the Spider-Verse) (Metro Boomin & Future, Lil Uzi Vert)",Lil Uzi Vert
"All The Way Live (Spider-Man: Across the Spider-Verse) (Metro Boomin & Future, Lil Uzi Vert)",Metro Boomin
Eyes Closed,Ed Sheeran
Escapism.,RAYE
Escapism.,070 Shake
La Jumpa,Arcangel
La Jumpa,Bad Bunny
Karma (feat. Ice Spice),Taylor Swift
Karma (feat. Ice Spice),Ice Spice
Superhero (Heroes & Villains) [with Future & Chris Brown],Future
Superhero (Heroes & Villains) [with Future & Chris Brown],Chris Brown
Superhero (Heroes & Villains) [with Future & Chris Brown],Metro Boomin
Las Morras,BLESSD
Las Morras,Peso Pluma
CHORRITO PA LAS ANIMAS,Feid
Ch y la Pizza,Fuerza Regida
Ch y la Pizza,Natanael Cano
Snow On The Beach (feat. More Lana Del Rey),Lana Del Rey
Snow On The Beach (feat. More Lana Del Rey),Taylor Swift
Players,Coi Leray
Bite Me,ENHYPEN
Stand By Me (feat. Morgan Wallen),Lil Durk
Stand By Me (feat. Morgan Wallen),Morgan Wallen
Normal,Feid
Hummingbird (Metro Boomin & James Blake),James Blake
Hummingbird (Metro Boomin & James Blake),Metro Boomin
Seu Brilho Sumiu - Ao Vivo,Israel & Rodolffo
Seu Brilho Sumiu - Ao Vivo,Mari Fernandez
Bad Habit,Steve Lacy
CUFF IT,Beyoncï¿
Lilith (feat. SUGA of BTS) (Diablo IV Anthem),Halsey
Lilith (feat. SUGA of BTS) (Diablo IV Anthem),Suga
69,Nicky Jam
69,Feid
Niï¿½ï¿½a Bo,Sean Paul
Niï¿½ï¿½a Bo,Feid
Search & Rescue,Drake
AMERICA HAS A PROBLEM (feat. Kendrick Lamar),Kendrick Lamar
AMERICA HAS A PROBLEM (feat. Kendrick Lamar),Beyoncï¿
Lavender Haze,Taylor Swift
"Link Up (Metro Boomin & Don Toliver, Wizkid feat. BEAM & Toian) - Spider-Verse Remix (Spider-Man: Across the Spider-Verse )",WizKid
"Link Up (Metro Boomin & Don Toliver, Wizkid feat. BEAM & Toian) - Spider-Verse Remix (Spider-Man: Across the Spider-Verse )",Toian
"Link Up (Metro Boomin & Don Toliver, Wizkid feat. BEAM & Toian) - Spider-Verse Remix (Spider-Man: Across the Spider-Verse )",Metro Boomin
"Link Up (Metro Boomin & Don Toliver, Wizkid feat. BEAM & Toian) - Spider-Verse Remix (Spider-Man: Across the Spider-Verse )",Don Toliver
"Link Up (Metro Boomin & Don Toliver, Wizkid feat. BEAM & Toian) - Spider-Verse Remix (Spider-Man: Across the Spider-Verse )",Beam
Efecto,Bad Bunny
Erro Gostoso - Ao Vivo,Simone Mendes
Cupido,Tini
Just Wanna Rock,Lil Uzi Vert
Unstoppable,Sia
Until I Found You,Stephen Sanchez
Rich Flex,Drake
Rich Flex,21 Savage
Easy On Me,Adele
Cartï¿½ï¿½o B,MC Caverinha
Cartï¿½ï¿½o B,KayBlack
Danger (Spider) (Offset & JID),Offset
Danger (Spider) (Offset & JID),JID
Oi Balde - Ao Vivo,Zï¿½ï¿½ Neto & Crist
The Real Slim Shady,Eminem
MERCHO,Migrantes
MERCHO,LiL CaKe
MERCHO,Nico Valdi
The Color Violet,Tory Lanez
Glimpse of Us,Joji
Mejor Que Yo,Mambo Kingz
Mejor Que Yo,DJ Luian
Mejor Que Yo,Anuel Aa
Curtains,Ed Sheeran
UNFORGIVEN (feat. Nile Rodgers),Nile Rodgers
UNFORGIVEN (feat. Nile Rodgers),LE SSERAFIM
Haegeum,Agust D
Conexï¿½ï¿½es de Mï¿½ï¿½fia (feat. Rich ,Rich The Kid
Conexï¿½ï¿½es de Mï¿½ï¿½fia (feat. Rich ,Matuï¿
MIENTRAS ME CURO DEL CORA,Karol G
Never Felt So Alone,Labrinth
X SI VOLVEMOS,Karol G
X SI VOLVEMOS,Romeo Santos
ceilings,Lizzy McAlpine
Cupid,Fifty Fifty
I AM,IVE
Cupid ï¿½ï¿½ï¿½ Twin Ver. (FIFTY FIFTY) ï¿½ï¿½ï¿½ Spe,sped up 8282
Shorty Party,Cartel De Santa
Shorty Party,La Kelly
Super,SEVENTEEN
Slut Me Out,NLE Choppa
Double Fantasy (with Future),The Weeknd
Double Fantasy (with Future),Future
All Of The Girls You Loved Before,Taylor Swift
PROVENZA,Karol G
Princess Diana (with Nicki Minaj),Nicki Minaj
Princess Diana (with Nicki Minaj),Ice Spice
Di Que Si,Grupo Marca Registrada
Di Que Si,Grupo Frontera
Shivers,Ed Sheeran
Igualito a Mi Apï¿,Fuerza Regida
Igualito a Mi Apï¿,Peso Pluma
Shoong! (feat. LISA of BLACKPINK),TAEYANG
Shoong! (feat. LISA of BLACKPINK),Lisa
Komang,Raim Laode
DESPECHï¿,ROSALï¿½
Made You Look,Meghan Trainor
Watch This - ARIZONATEARS Pluggnb Remix,sped up nightcore
Watch This - ARIZONATEARS Pluggnb Remix,ARIZONATEARS
Watch This - ARIZONATEARS Pluggnb Remix,Lil Uzi Vert
No Se Va,Grupo Frontera
Punto G,Quevedo
Lovers Rock,TV Girl
METAMORPHOSIS,INTERWORLD
Mami Chula,Quevedo
Mami Chula,Jhayco
En Paris,El Chachito
En Paris,Junior H
Set Me Free Pt.2,Jimin
I Was Never There,The Weeknd
I Was Never There,Gesaffelstein
Don't ever say love me (feat. RM of BTS),RM
Don't ever say love me (feat. RM of BTS),Colde
Shut Down,BLACKPINK
Gato de Noche,Nengo Flow
Gato de Noche,Bad Bunny
Call Out My Name,The Weeknd
Like Crazy (English Version),Jimin
Rosa Pastel,Jasiel Nuï¿½ï¿½ez
Rosa Pastel,Peso P
Sunroof,Nicky Youre
Sunroof,Dazy
Lose Yourself - Soundtrack Version,Eminem
Superman,Eminem
Superman,Dina Rae
Mas Rica Que Ayer,Mambo Kingz
Mas Rica Que Ayer,DJ Luian
Mas Rica Que Ayer,Anuel Aa
People Pt.2 (feat. IU),IU
People Pt.2 (feat. IU),Agust D
REMIX EXCLUSIVO,Feid
"Arcï¿½ï¿½ngel: Bzrp Music Sessions, Vol",Arcangel
"Arcï¿½ï¿½ngel: Bzrp Music Sessions, Vol",Bizarrap
DOGTOOTH,Tyler
DOGTOOTH,The Creator
10:35,Tiï¿½ï¿½sto
10:35,Tate M
SORRY NOT SORRY,Tyler
SORRY NOT SORRY,The Creator
HAPPY,NF
La Bebe,Yng Lvcas
I Know - PR1SVX Edit,Kanii
I Know - PR1SVX Edit,PR1ISVX
Late Night Talking,Harry Styles
Leï¿½,Marï¿½ï¿½lia Mendo
Save Your Tears (with Ariana Grande) (Remix),Ariana Grande
Save Your Tears (with Ariana Grande) (Remix),The Weeknd
Something in the Orange,Zach Bryan
VOID,Melanie Martinez
Dijeron Que No La Iba Lograr,Fuerza Regida
Dijeron Que No La Iba Lograr,Chino Pacas
Midnight Rain,Taylor Swift
If We Ever Broke Up,Mae Stephens
You Proof,Morgan Wallen
LA INOCENTE,Feid
LA INOCENTE,Mora
Malas Decisiones,Kenia OS
Murder In My Mind,Kordhell
Gangsta's Paradise,Coolio
Gangsta's Paradise,L.V.
CAIRO,Karol G
CAIRO,Ovy On The Drums
I Love You So,The Walters
Dark Red,Steve Lacy
Say You Won't Let Go,James Arthur
The Hills,The Weeknd
Heart To Heart,Mac DeMarco
Peaches (from The Super Mario Bros. Movie),Jack Black
Marisola - Remix,Duki
Marisola - Remix,NICKI NICOLE
Marisola - Remix,Cris Mj
Marisola - Remix,Standly
Marisola - Remix,Stars Music Chile
LOKERA,Brray
LOKERA,Rauw Alejandro
LOKERA,Lyanno
Low,SZA
Numb,Linkin Park
Tormenta (feat. Bad Bunny),Gorillaz
Tormenta (feat. Bad Bunny),Bad Bunny
on the street (with J. Cole),j-hope
on the street (with J. Cole),J. Cole
One Thing At A Time,Morgan Wallen
Miss You,Robin Schulz
Miss You,Oliver Tree
Ainï¿½ï¿½ï¿½t Tha,Morgan Wallen
Thinkinï¿½ï¿½ï¿½ B,Morgan Wallen
Private Landing (feat. Justin Bieber & Future),Don Toliver
Private Landing (feat. Justin Bieber & Future),Future
Private Landing (feat. Justin Bieber & Future),Justin Bieber
Everything I Love,Morgan Wallen
Heaven,Niall Horan
LET GO,Central Cee
Sial,Mahalini
I Wrote The Book,Morgan Wallen
"Apna Bana Le (From ""Bhediya"")",Arijit Singh
"Apna Bana Le (From ""Bhediya"")",Sachin-Jigar
SPIT IN MY FACE!,ThxSoMch
PLAYA DEL INGLï¿½,Myke Towers
PLAYA DEL INGLï¿½,Quevedo
Man Made A Bar (feat. Eric Church),Morgan Wallen
Man Made A Bar (feat. Eric Church),Eric Church
Red Ruby Da Sleeze,Nicki Minaj
Kahani Suno 2.0,Kaifi Khalil
Nobody Gets Me,SZA
PERO Tï¿,Karol G
PERO Tï¿,Quevedo
Hype Boy,NewJeans
Bloody Mary,Lady Gaga
Monotonï¿½,Ozuna
Monotonï¿½,Shakira
ýýý98 Braves,Morgan Wallen
WANDA,Quevedo
Thought You Should Know,Morgan Wallen
In The End,Linkin Park
Zona De Perigo,Leo Santana
Lovezinho,Treyce
I Like You (A Happier Song) (with Doja Cat),Post Malone
I Like You (A Happier Song) (with Doja Cat),Doja Cat
Neverita,Bad Bunny
Vista Al Mar,Quevedo
Sem Alianï¿½ï¿½a no ,MC Xenon
Sem Alianï¿½ï¿½a no ,Os Gemeos da Putaria
Enemy (with JID) - from the series Arcane League of Legends,Imagine Dragons
Enemy (with JID) - from the series Arcane League of Legends,League of Legends
Enemy (with JID) - from the series Arcane League of Legends,JID
Enemy (with JID) - from the series Arcane League of Legends,Arcane
Revenge,XXXTENTACION
Bombonzinho - Ao Vivo,Israel & Rodolffo
Bombonzinho - Ao Vivo,Ana Castela
LA CANCIï¿½,J Balvin
LA CANCIï¿½,Bad Bunny
Quï¿½ï¿½ Ago,Yuridia
Quï¿½ï¿½ Ago,Angela Aguilar
Love Again,The Kid Laroi
After Hours,The Weeknd
About Damn Time,Lizzo
Born With A Beer In My Hand,Morgan Wallen
ýýýýýýýýýýýýýýýýýýýýý,Fujii Kaze
Besos Moja2,Wisin & Yandel
Besos Moja2,ROSALï¿½
Maan Meri Jaan,King
Moscow Mule,Bad Bunny
My Universe,Coldplay
My Universe,BTS
Devil Donï¿½ï¿½ï¿½,Morgan Wallen
LLYLM,ROSALï¿½
I'm Not Here To Make Friends,Sam Smith
I'm Not Here To Make Friends,Calvin Harris
I'm Not Here To Make Friends,Jessie Reyez
TRUSTFALL,P!nk
ANTIFRAGILE,LE SSERAFIM
Boy's a liar,PinkPantheress
VIBE (feat. Jimin of BTS),TAEYANG
VIBE (feat. Jimin of BTS),Jimin
Shirt,SZA
Lift Me Up - From Black Panther: Wakanda Forever - Music From and Inspired By,Rihanna
STAR WALKIN' (League of Legends Worlds Anthem),Lil Nas X
"Sex, Drugs, Etc.",Beach Weather
Boy With Luv (feat. Halsey),Halsey
Boy With Luv (feat. Halsey),BTS
"Hey, Mickey!",Baby Tate
Calm Down,Rï¿½ï
Jhoome Jo Pathaan,Arijit Singh
Jhoome Jo Pathaan,Vishal Dadlani
Jhoome Jo Pathaan,Sukriti Kakar
Jhoome Jo Pathaan,Vishal-Shekhar
Jhoome Jo Pathaan,Shekhar Ravjiani
Jhoome Jo Pathaan,Kumaar
Escapism. - Sped Up,RAYE
Escapism. - Sped Up,070 Shake
Space Song,Beach House
Dreamers [Music from the FIFA World Cup Qatar 2022 Official Soundtrack],BTS
Dreamers [Music from the FIFA World Cup Qatar 2022 Official Soundtrack],Jung Kook
Dreamers [Music from the FIFA World Cup Qatar 2022 Official Soundtrack],FIFA Sound
Te Felicito,Shakira
Te Felicito,Rauw Alejandro
Muï¿½ï¿½,Steve Aoki
Muï¿½ï¿½,Tini
Muï¿½ï¿½,La Joaqui
TV,Billie Eilish
I'm Not The Only One,Sam Smith
Heather,Conan Gray
"Besharam Rang (From ""Pathaan"")",Vishal-Shekhar
"Besharam Rang (From ""Pathaan"")",Shilpa Rao
"Besharam Rang (From ""Pathaan"")",Caralisa Monteiro
"Besharam Rang (From ""Pathaan"")",Kumaar
"Besharam Rang (From ""Pathaan"")",Vishal Dadlani
"Besharam Rang (From ""Pathaan"")",Shekhar Ravjiani
One Kiss (with Dua Lipa),Calvin Harris
One Kiss (with Dua Lipa),Dua Lipa
Sugar Rush Ride,TOMORROW X TOGETHER
Pink Venom,BLACKPINK
WAIT FOR U (feat. Drake & Tems),Drake
WAIT FOR U (feat. Drake & Tems),Future
WAIT FOR U (feat. Drake & Tems),Tems
Don't Start Now,Dua Lipa
After Dark,Mr.Kitty
Eu Gosto Assim - Ao Vivo,Gustavo Mioto
Eu Gosto Assim - Ao Vivo,Mari Fernandez
INDUSTRY BABY (feat. Jack Harlow),Jack Harlow
INDUSTRY BABY (feat. Jack Harlow),Lil Nas X
MIDDLE OF THE NIGHT,Elley Duhï¿
Atlantis,Seafret
PUNTO 40,Baby Rasta
PUNTO 40,Rauw Alejandro
Evoque Prata,DJ Escobar
Evoque Prata,MC MENOR SG
Evoque Prata,MC MENOR HR
How Do I Say Goodbye,Dean Lewis
Blind,SZA
Die For You,Joji
Doja,Central Cee
Gatita,Bellakath
Rumble,Skrillex
Rumble,Flowdan
Rumble,Fred again..
Niagara Falls (Foot or 2) [with Travis Scott & 21 Savage],Travis Scott
Niagara Falls (Foot or 2) [with Travis Scott & 21 Savage],21 Savage
Niagara Falls (Foot or 2) [with Travis Scott & 21 Savage],Metro Boomin
Yonaguni,Bad Bunny
Super Freaky Girl,Nicki Minaj
Running Up That Hill (A Deal With God),Kate Bush
Dream On,Aerosmith
Limbo,Freddie Dredd
Where Are You Now,Lost Frequencies
Where Are You Now,Calum Scott
WORTH NOTHING,Twisted
WORTH NOTHING,Oliver Tree
Bad Habits,Ed Sheeran
KICK BACK,Kenshi Yonezu
Evergreen (You Didnï¿½ï¿½ï¿½t Deserve Me A,Omar Apollo
Good Days,SZA
Levitating (feat. DaBaby),Dua Lipa
Levitating (feat. DaBaby),DaBaby
Woman,Doja Cat
Shut up My Moms Calling - (Sped Up),Hotel Ugly
Ferrari,James Hype
Ferrari,Miggy Dela Rosa
"You're On Your Own, Kid",Taylor Swift
"Kesariya (From ""Brahmastra"")",Pritam
"Kesariya (From ""Brahmastra"")",Arijit Singh
"Kesariya (From ""Brahmastra"")",Amitabh Bhattacharya
Agudo Mï¿½ï¿½gi,Styrx
Agudo Mï¿½ï¿½gi,utku INC
Agudo Mï¿½ï¿½gi,Thezth
Payphone,Maroon 5
Payphone,Wiz Khalifa
All I Want for Christmas Is You,Mariah Carey
Last Christmas,Wham!
Rockin' Around The Christmas Tree,Brenda Lee
Jingle Bell Rock,Bobby Helms
It's Beginning To Look A Lot Like Christmas,Michael Bublï¿
Santa Tell Me,Ariana Grande
It's the Most Wonderful Time of the Year,Andy Williams
Let It Snow! Let It Snow! Let It Snow!,Dean Martin
Snowman,Sia
Underneath the Tree,Kelly Clarkson
Feliz Navidad,Josï¿½ï¿½ Felic
Holly Jolly Christmas,Michael Bublï¿
Mistletoe,Justin Bieber
Sleigh Ride,The Ronettes
Seek & Destroy,SZA
Love Language,SZA
Happy Xmas (War Is Over),John Lennon
Happy Xmas (War Is Over),The Harlem Community Choir
Happy Xmas (War Is Over),The Plastic Ono Band
Happy Xmas (War Is Over),Yoko Ono
Used (feat. Don Toliver),SZA
Used (feat. Don Toliver),Don Toliver
A Holly Jolly Christmas - Single Version,Burl Ives
The Christmas Song (Merry Christmas To You) - Remastered 1999,Nat King Cole
Wonderful Christmastime - Edited Version / Remastered 2011,Paul McCartney
Do They Know It's Christmas? - 1984 Version,Band Aid
Ghost in the Machine (feat. Phoebe Bridgers),SZA
Ghost in the Machine (feat. Phoebe Bridgers),Phoebe Bridgers
Special,SZA
Merry Christmas Everyone,Shakin' Stevens
Let It Snow! Let It Snow! Let It Snow!,Frank Sinatra
Let It Snow! Let It Snow! Let It Snow!,B. Swanson Quartet
SOS,SZA
Open Arms (feat. Travis Scott),SZA
Open Arms (feat. Travis Scott),Travis Scott
White Christmas,Bing Crosby
White Christmas,John Scott Trotter & His Orchestra
White Christmas,Ken Darby Singers
Driving Home for Christmas - 2019 Remaster,Chris Rea
Christmas (Baby Please Come Home),Darlene Love
Gone Girl,SZA
F2F,SZA
Notice Me,SZA
Merry Christmas,Ed Sheeran
Merry Christmas,Elton John
It's Beginning to Look a Lot Like Christmas (with Mitchell Ayres & His Orchestra),Perry Como
It's Beginning to Look a Lot Like Christmas (with Mitchell Ayres & His Orchestra),The Fontane Sisters
It's Beginning to Look a Lot Like Christmas (with Mitchell Ayres & His Orchestra),Mitchell Ayres & His Orchestra
My Only Wish (This Year),Britney Spears
Antidepresan,Mabel Matiz
Antidepresan,Mert Demir
Wild Flower (with youjeen),RM
I Hate U,SZA
Raindrops (Insane) [with Travis Scott],Travis Scott
Raindrops (Insane) [with Travis Scott],Metro Boomin
SPIT IN MY FACE!,ThxSoMch
Deck The Hall - Remastered 1999,Nat King Cole
Smoking on my Ex Pack,SZA
Conceited,SZA
Snow On The Beach (feat. Lana Del Rey),Taylor Swift
Snow On The Beach (feat. Lana Del Rey),Lana Del Rey
Maroon,Taylor Swift
Tubarï¿½ï¿½o Te,Dj LK da Escï¿½ï¿½cia
Tubarï¿½ï¿½o Te,Tchakabum
Tubarï¿½ï¿½o Te,mc jhenny
Tubarï¿½ï¿½o Te,M
Bejeweled,Taylor Swift
Tarot,Bad Bunny
Tarot,Jhay Cortez
You Make It Feel Like Christmas (feat. Blake Shelton),Gwen Stefani
You Make It Feel Like Christmas (feat. Blake Shelton),Blake Shelton
Desesperados,Chencho Corleone
Desesperados,Rauw Alejandro
Too Late,SZA
Party,Bad Bunny
Party,Rauw Alejandro
Run Rudolph Run - Single Version,Chuck Berry
Jingle Bells - Remastered 1999,Frank Sinatra
Far,SZA
On Time (with John Legend),John Legend
On Time (with John Legend),Metro Boomin
GATï¿½ï¿½,Maldy
GATï¿½ï¿½,Karol G
ýýýabcdefu,Gayle
Sacrifice,The Weeknd
Is There Someone Else?,The Weeknd
Fingers Crossed,Lauren Spencer Smith
Fingers Crossed,Lauren Spencer Smith
Fingers Crossed,Lauren Spencer Smith
Out of Time,The Weeknd
Do It To It,Cherish
Do It To It,ACRAZE
We Don't Talk About Bruno,Adassa
We Don't Talk About Bruno,Mauro Castillo
We Don't Talk About Bruno,Stephanie Beatriz
We Don't Talk About Bruno,Encanto - Cast
We Don't Talk About Bruno,Rhenzy Feliz
We Don't Talk About Bruno,Diane Guerrero
We Don't Talk About Bruno,Carolina Gaitan
Pepas,Farruko
How Do I Make You Love Me?,The Weeknd
Gasoline,The Weeknd
Infinity,Jaymes Young
Less Than Zero,The Weeknd
Take My Breath,The Weeknd
good 4 u,Olivia Rodrigo
"Here We Goï¿½ï¿½ï¿½ Again (feat. Tyler, the Cr",The Weeknd
"Here We Goï¿½ï¿½ï¿½ Again (feat. Tyler, the Cr",Tyler
"Here We Goï¿½ï¿½ï¿½ Again (feat. Tyler, the Cr",The Creator
Best Friends,The Weeknd
Kiss Me More (feat. SZA),SZA
Kiss Me More (feat. SZA),Doja Cat
I Heard You're Married (feat. Lil Wayne),The Weeknd
I Heard You're Married (feat. Lil Wayne),Lil Wayne
Need To Know,Doja Cat
MONTERO (Call Me By Your Name),Lil Nas X
love nwantiti (ah ah ah),Ckay
Dawn FM,The Weeknd
Surface Pressure,Jessica Darrow
Starry Eyes,The Weeknd
THATS WHAT I WANT,Lil Nas X
One Right Now (with The Weeknd),The Weeknd
One Right Now (with The Weeknd),Post Malone
Beggin,Mï¿½ï¿½ne
Mon Amour - Remix,Aitana
Mon Amour - Remix,zzoilo
Lo Siento BB:/ (with Bad Bunny & Julieta Venegas),Julieta Venegas
Lo Siento BB:/ (with Bad Bunny & Julieta Venegas),Bad Bunny
Lo Siento BB:/ (with Bad Bunny & Julieta Venegas),Tainy
MONEY,Lisa
The Motto,Tiï¿½ï¿½sto
The Motto,Ava
Happier Than Ever,Billie Eilish
Moth To A Flame (with The Weeknd),The Weeknd
Moth To A Flame (with The Weeknd),Swedish House Mafia
traitor,Juan Cruz Toledo
traitor,Huilen Toledo
Toxic,BoyWithUke
drivers license,Olivia Rodrigo
Malvadï¿½ï¿,Xamï¿½ï¿½
Malvadï¿½ï¿,Gustah
Malvadï¿½ï¿,Neo B
All Too Well (10 Minute Version) (Taylor's Version) (From The Vault),Taylor Swift
Donï¿½ï¿½ï¿½t Break My,The Weeknd
Oh My God,Adele
Entre Nosotros (Remix) [con Nicki Nicole],Lit Killah
Entre Nosotros (Remix) [con Nicki Nicole],Maria Becerra
Entre Nosotros (Remix) [con Nicki Nicole],Tiago pzk
Entre Nosotros (Remix) [con Nicki Nicole],NICKI NICOLE
A Tale By Quincy,The Weeknd
I AM WOMAN,Emmy Meli
Medallo,Justin Quiles
Medallo,Lenny Tavï¿½ï¿½rez
Medallo,BL
It'll Be Okay,Shawn Mendes
Softcore,The Neighbourhood
Super Gremlin,Kodak Black
Volvï¿,Aventura
Volvï¿,Bad Bunny
Todo De Ti,Rauw Alejandro
Love Nwantiti - Remix,Ckay
Love Nwantiti - Remix,AX'EL
Love Nwantiti - Remix,Dj Yo!
Smokin Out The Window,Bruno Mars
Smokin Out The Window,Anderson .Paak
Smokin Out The Window,Silk Sonic
Meet Me At Our Spot,THE ANXIETY
Meet Me At Our Spot,Willow
Meet Me At Our Spot,Tyler Cole
Every Angel is Terrifying,The Weeknd
Tacones Rojos,Sebastian Yatra
Peaches (feat. Daniel Caesar & Giveon),Justin Bieber
Peaches (feat. Daniel Caesar & Giveon),Daniel Caesar
Peaches (feat. Daniel Caesar & Giveon),Giveon
Dakiti,Bad Bunny
Dakiti,Jhay Cortez
"Tiago PZK: Bzrp Music Sessions, Vol. 48",Bizarrap
"Tiago PZK: Bzrp Music Sessions, Vol. 48",Tiago pzk
Lï¿½ï¿½ï¿,Stromae
Nostï¿½ï¿½l,Chris Brown
Nostï¿½ï¿½l,Rvssian
Nostï¿½ï¿½l,Rauw Alejandro
Better Days (NEIKED x Mae Muller x Polo G),NEIKED
Better Days (NEIKED x Mae Muller x Polo G),Mae Muller
Better Days (NEIKED x Mae Muller x Polo G),Polo G
Life Goes On,Oliver Tree
Sad Girlz Luv Money Remix (feat. Kali Uchis),Kali Uchis
Sad Girlz Luv Money Remix (feat. Kali Uchis),Amaarae
Sad Girlz Luv Money Remix (feat. Kali Uchis),Moliy
Butter,BTS
pushin P (feat. Young Thug),Young Thug
pushin P (feat. Young Thug),Future
pushin P (feat. Young Thug),Gunna
You Right,Doja Cat
You Right,The Weeknd
deja vu,Olivia Rodrigo
Dynamite,BTS
TO THE MOON,Jnr Choi
Lost in the Fire,The Weeknd
Lost in the Fire,Gesaffelstein
Salimo de Noche,Trueno
Salimo de Noche,Tiago pzk
Volando - Remix,Sech
Volando - Remix,Bad Bunny
Volando - Remix,Mora
Leave The Door Open,Bruno Mars
Leave The Door Open,Anderson .Paak
Leave The Door Open,Silk Sonic
Knife Talk (with 21 Savage ft. Project Pat),Drake
Knife Talk (with 21 Savage ft. Project Pat),Project Pat
Knife Talk (with 21 Savage ft. Project Pat),21 Savage
Don't Be Shy,Tiï¿½ï¿½sto
Don't Be Shy,Kar
Love Grows (Where My Rosemary Goes),Edison Lighthouse
LA FAMA (with The Weeknd),The Weeknd
LA FAMA (with The Weeknd),ROSALï¿½
The Family Madrigal,Olga Merediz
The Family Madrigal,Stephanie Beatriz
The Family Madrigal,Encanto - Cast
Phantom Regret by Jim,The Weeknd
Dos Oruguitas,Sebastian Yatra
Freaks,Surf Curse
Acapulco,Jason Derulo
Daddy Issues,The Neighbourhood
thought i was playing,21 Savage
thought i was playing,Gunna
ELEVEN,IVE
Mood (feat. Iann Dior),24kgoldn
Mood (feat. Iann Dior),Iann Dior
What Else Can I Do?,Stephanie Beatriz
What Else Can I Do?,Diane Guerrero
DANCE CRIP,Trueno
Miserable Man,David Kushner
happier,Olivia Rodrigo
Praise God,Kanye West
Get Into It (Yuh),Doja Cat
Before You Go,Lewis Capaldi
Sky,Playboi Carti
Rolling in the Deep,Adele
Sobrio,Maluma
Peru,Ed Sheeran
Peru,Fireboy DML
favorite crime,Olivia Rodrigo
Thunder,Prezioso
Thunder,Gabry Ponte
Thunder,LUM!X
The Business,Tiï¿½ï¿
positions,Ariana Grande
I WANNA BE YOUR SLAVE,Mï¿½ï¿½ne
Vai Lï¿½ï¿½ Em Casa ,Marï¿½ï¿½lia Mendonï¿½ï¿½a
Vai Lï¿½ï¿½ Em Casa ,George Henrique &
The Feels,TWICE
HEARTBREAK ANNIVERSARY,Giveon
No Lie,Sean Paul
No Lie,Dua Lipa
OUT OUT (feat. Charli XCX & Saweetie),Charli XCX
OUT OUT (feat. Charli XCX & Saweetie),Jax Jones
OUT OUT (feat. Charli XCX & Saweetie),Joel Corry
OUT OUT (feat. Charli XCX & Saweetie),Saweetie
Pope Is a Rockstar,SALES
2055,Sleepy hallow
Bored,Billie Eilish
Happier Than Ever - Edit,Billie Eilish
Astronaut In The Ocean,Masked Wolf
Ley Seca,Anuel Aa
Ley Seca,Jhay Cortez
Every Summertime,NIKI
Talking To The Moon,Bruno Mars
you broke me first,Tate McRae
The Nights,Avicii
Take My Breath,The Weeknd
Way 2 Sexy (with Future & Young Thug),Drake
Way 2 Sexy (with Future & Young Thug),Future
Way 2 Sexy (with Future & Young Thug),Young Thug
Cï¿½ï¿½,Rauw Alejandro
Enemy - from the series Arcane League of Legends,Imagine Dragons
Enemy - from the series Arcane League of Legends,League of Legends
Enemy - from the series Arcane League of Legends,Arcane
Dance Monkey,Tones and I
Lucid Dreams,Juice WRLD
Quï¿½ï¿½ Mï¿½ï¿,J Balvin
Quï¿½ï¿½ Mï¿½ï¿,Maria Becerra
All of Me,John Legend
Smells Like Teen Spirit - Remastered 2021,Nirvana
Arcade,Duncan Laurence
Fair Trade (with Travis Scott),Drake
Fair Trade (with Travis Scott),Travis Scott
Bar,Tini
Bar,L-Gante
The Rumbling (TV Size),SiM
family ties (with Kendrick Lamar),Kendrick Lamar
family ties (with Kendrick Lamar),Baby Keem
Mr. Brightside,The Killers
Blessed-Cursed,ENHYPEN
AM Remix,J Balvin
AM Remix,Nio Garcia
AM Remix,Bad Bunny
Streets,Doja Cat
Shallow,Lady Gaga
Shallow,Bradley Cooper
Polaroid Love,ENHYPEN
Leave Before You Love Me (with Jonas Brothers),Marshmello
Leave Before You Love Me (with Jonas Brothers),Jonas Brothers
Permission to Dance,BTS
Friday (feat. Mufasa & Hypeman) - Dopamine Re-Edit,Riton
Friday (feat. Mufasa & Hypeman) - Dopamine Re-Edit,Nightcrawlers
Friday (feat. Mufasa & Hypeman) - Dopamine Re-Edit,Mufasa & Hypeman
Friday (feat. Mufasa & Hypeman) - Dopamine Re-Edit,Dopamine
RAPSTAR,Polo G
'Till I Collapse,Eminem
'Till I Collapse,Nate Dogg
Memories,Maroon 5
Se Le Ve,Arcangel
Se Le Ve,De La Ghetto
Se Le Ve,Justin Quiles
Se Le Ve,Lenny Tavï¿½ï¿½rez
Se Le Ve,Sech
Se Le Ve,Dalex
Se Le Ve,Dimelo Flow
Se Le Ve,Rich Music
25k jacket (feat. Lil Baby),Gunna
25k jacket (feat. Lil Baby),Lil Baby
When Iï¿½ï¿½ï¿½m Gone (with Katy ,Katy Perry
When Iï¿½ï¿½ï¿½m Gone (with Katy ,Alesso
Esqueï¿½ï¿½a-Me Se For C,Marï¿½ï¿½lia Mendonï¿½ï¿½a
Esqueï¿½ï¿½a-Me Se For C,Maiara &
Miï¿½ï¿½n,Tini
Miï¿½ï¿½n,Maria Becerra
Sï¿½ï¿½,Anuel Aa
Sï¿½ï¿½,Myke Towers
Sï¿½ï¿½,Jhay Cortez
MAMIII,Karol G
MAMIII,Becky G
Still D.R.E.,Dr. Dre
Still D.R.E.,Snoop Dogg
Stay Alive (Prod. SUGA of BTS),Jung Kook
Boyfriend,Dove Cameron
The Joker And The Queen (feat. Taylor Swift),Ed Sheeran
The Joker And The Queen (feat. Taylor Swift),Taylor Swift
The Next Episode,Dr. Dre
The Next Episode,Snoop Dogg
Light Switch,Charlie Puth
City of Gods,Kanye West
City of Gods,Alicia Keys
City of Gods,Fivio Foreign
Brividi,Mahmood
Brividi,Blanco
Lost,Frank Ocean
In Da Club,50 Cent
she's all i wanna be,Tate McRae
Ginseng Strip 2002,Yung Lean
All For Us - from the HBO Original Series Euphoria,Labrinth
All For Us - from the HBO Original Series Euphoria,Zendaya
Notion,The Rare Occasions
Formula,Labrinth
Mount Everest,Labrinth
Excuses,Intense
Excuses,AP Dhillon
Excuses,Gurinder Gill
Cigarettes,Juice WRLD
"Cayï¿½ï¿½ La Noche (feat. Cruz Cafunï¿½ï¿½, Abhir Hathi, Bejo, EL IMA)",Quevedo
"Cayï¿½ï¿½ La Noche (feat. Cruz Cafunï¿½ï¿½, Abhir Hathi, Bejo, EL IMA)",La Pantera
"Cayï¿½ï¿½ La Noche (feat. Cruz Cafunï¿½ï¿½, Abhir Hathi, Bejo, EL IMA)",Juseph
"Cayï¿½ï¿½ La Noche (feat. Cruz Cafunï¿½ï¿½, Abhir Hathi, Bejo, EL IMA)",Cruz Cafunï¿½ï¿½
"Cayï¿½ï¿½ La Noche (feat. Cruz Cafunï¿½ï¿½, Abhir Hathi, Bejo, EL IMA)",Bï¿½ï¿½jo
"Cayï¿½ï¿½ La Noche (feat. Cruz Cafunï¿½ï¿½, Abhir Hathi, Bejo, EL IMA)",Abhir Hathi
California Love - Original Version (Explicit),Dr. Dre
California Love - Original Version (Explicit),2Pac
California Love - Original Version (Explicit),Roger
Forgot About Dre,Eminem
Forgot About Dre,Dr. Dre
Down Under (feat. Colin Hay),Luude
Down Under (feat. Colin Hay),Colin Hay
Mujeriego,Ryan Castro
HUMBLE.,Kendrick Lamar
Stan,Eminem
Stan,Dido
Contection,GODZZ__-
Contection,Zakaria
Swim,Chase Atlantic
A Tu Merced,Bad Bunny
Numb Little Bug,Em Beihold
212,Mainstreet
212,Chefin
Problemï¿½,Alvaro Diaz
Problemï¿½,Rauw Alejandro
Bussin,Nicki Minaj
Bussin,Lil Baby
Worst Day,Future
Malvada,Zï¿½ï¿½ Fe
Hrs and Hrs,Muni Long
Alien Blues,Vundabar
Thinking Out Loud,Ed Sheeran
Still Don't Know My Name,Labrinth
Christmas Tree,V
Mal Feito - Ao Vivo,Marï¿½ï¿½lia Mendonï¿½ï¿½a
Mal Feito - Ao Vivo,Hugo & G
When I R.I.P.,Labrinth
Do We Have A Problem?,Nicki Minaj
Do We Have A Problem?,Lil Baby
Forever,Labrinth
Gospel (with Eminem),Eminem
Gospel (with Eminem),Dr. Dre
Seï¿½ï¿½o,Shawn Mendes
Seï¿½ï¿½o,Camila Cabello
NEW MAGIC WAND,Tyler
NEW MAGIC WAND,The Creator
Adore You,Harry Styles
La Santa,Daddy Yankee
La Santa,Bad Bunny
Something In The Way - Remastered 2021,Nirvana
Sweetest Pie,Dua Lipa
Sweetest Pie,Megan Thee Stallion
Bam Bam (feat. Ed Sheeran),Camila Cabello
Bam Bam (feat. Ed Sheeran),Ed Sheeran
Una Noche en Medellï¿½,Cris Mj
Envolver,Anitta
Starlight,Dave
Hati-Hati di Jalan,Tulus
"I'm Tired - From ""Euphoria"" An Original HBO Series",Labrinth
DANï¿½ï¿½A,Mc Pedrinho
DANï¿½ï¿½A,Pedro Sampaio
Yo Voy (feat. Daddy Yankee),Zion & Lennox
"Residente: Bzrp Music Sessions, Vol. 49",Residente
"Residente: Bzrp Music Sessions, Vol. 49",Bizarrap
Jordan,Ryan Castro
Nail Tech,Jack Harlow
Chale,Eden Muï¿½ï
DARARI,Treasure
Ya No Somos Ni Seremos,Christian Nodal
Thinking with My Dick,Kevin Gates
Thinking with My Dick,Juicy J
Freaky Deaky,Tyga
Freaky Deaky,Doja Cat
this is what falling in love feels like,JVKE
La Zona,Bad Bunny
Bohemian Rhapsody - Remastered 2011,Queen
Hope,XXXTENTACION
Levitating,Dua Lipa
Wake Me Up - Radio Edit,Avicii
"jealousy, jealousy",Olivia Rodrigo
Monï¿½ï¿½y so,YEAT
Demasiadas Mujeres,C. Tangana
Something Just Like This,The Chainsmokers
Something Just Like This,Coldplay
Closer,The Chainsmokers
Closer,Halsey
O.O,NMIXX
Somebody That I Used To Know,Gotye
Somebody That I Used To Know,Kimbra
Tom's Diner,AnnenMayKantereit
Tom's Diner,Giant Rooks
First Class,Jack Harlow
Plan A,Paulo Londra
Fuera del mercado,Danny Ocean
X ï¿½ï¿½LTIMA,Daddy Yankee
X ï¿½ï¿½LTIMA,Bad Bunny
When You're Gone,Shawn Mendes
In My Head,Lil Tjay
Wait a Minute!,Willow
LOVE DIVE,IVE
Pantysito,Feid
Pantysito,Alejo
Pantysito,Robi
Chance,Paulo Londra
Cool for the Summer,Demi Lovato
psychofreak (feat. WILLOW),Camila Cabello
psychofreak (feat. WILLOW),Willow
Angel Baby,Troye Sivan
Vampiro,Matuï¿½ï¿½
Vampiro,Wiu
Vampiro,
Si Quieren Frontear,De La Ghetto
Si Quieren Frontear,Duki
Si Quieren Frontear,Quevedo
Right On,Lil Baby
Me Arrepentï¿,Ak4:20
Me Arrepentï¿,Cris Mj
Me Arrepentï¿,Pailita
That's Hilarious,Charlie Puth
Soy El Unico,Yahritza Y Su Esencia
RUMBATï¿½,Daddy Yankee
sentaDONA (Remix) s2,Luï¿½ï¿½sa Sonza
sentaDONA (Remix) s2,MC Frog
sentaDONA (Remix) s2,Dj Gabriel do Borel
sentaDONA (Remix) s2,Davi K
Falling,Harry Styles
Sigue,Ed Sheeran
Sigue,J Balvin
Fim de Semana no Rio,teto
MANIAC,Stray Kids
There's Nothing Holdin' Me Back,Shawn Mendes
IDGAF (with blackbear),Blackbear
IDGAF (with blackbear),BoyWithUke
Golden,Harry Styles
Get Lucky - Radio Edit,Pharrell Williams
Get Lucky - Radio Edit,Nile Rodgers
Get Lucky - Radio Edit,Daft Punk
Ain't Shit,Doja Cat
"Nobody Like U - From ""Turning Red""",Jordan Fisher
"Nobody Like U - From ""Turning Red""",Josh Levi
"Nobody Like U - From ""Turning Red""",Finneas O'Connell
"Nobody Like U - From ""Turning Red""",4*TOWN (From Disney and Pixarï¿½ï¿½ï¿½s Turning Red)
"Nobody Like U - From ""Turning Red""",Topher Ngo
"Nobody Like U - From ""Turning Red""",Grayson Vill
Still Life,BIGBANG
Photograph,Ed Sheeran
Love Yourself,Justin Bieber
N95,Kendrick Lamar
About Damn Time,Lizzo
Die Hard,Kendrick Lamar
Die Hard,Blxst
Die Hard,Amanda Reifer
Despuï¿½ï¿½s de la P,Bad Bunny
Un Ratito,Bad Bunny
United In Grief,Kendrick Lamar
Father Time (feat. Sampha),Kendrick Lamar
Father Time (feat. Sampha),Sampha
Yo No Soy Celoso,Bad Bunny
Rich Spirit,Kendrick Lamar
Cooped Up (with Roddy Ricch),Post Malone
Cooped Up (with Roddy Ricch),Roddy Ricch
Me Fui de Vacaciones,Bad Bunny
Silent Hill,Kendrick Lamar
Silent Hill,Kodak Black
La Corriente,Tony Dize
La Corriente,Bad Bunny
Count Me Out,Kendrick Lamar
Andrea,Buscabulla
Andrea,Bad Bunny
Dos Mil 16,Bad Bunny
We Cry Together,Kendrick Lamar
We Cry Together,Taylour Paige
Savior,Kendrick Lamar
Savior,Sam Dew
Savior,Baby Keem
Un Coco,Bad Bunny
Otro Atardecer,Bad Bunny
Otro Atardecer,The Marï¿½ï
Worldwide Steppers,Kendrick Lamar
Aguacero,Bad Bunny
Purple Hearts,Kendrick Lamar
Purple Hearts,Ghostface Killah
Purple Hearts,Summer Walker
Un Verano Sin Ti,Bad Bunny
ULTRA SOLO,Polima WestCoast
ULTRA SOLO,Pailita
Ensï¿½ï¿½ï¿½ï¿½ame ,Bad Bunny
El Apagï¿½,Bad Bunny
Callaita,Bad Bunny
Callaita,Tainy
Dua Lipa,Jack Harlow
Agosto,Bad Bunny
House Of Memories,Panic! At The Disco
Mr. Morale,Kendrick Lamar
Mr. Morale,Tanna Leone
That That (prod. & feat. SUGA of BTS),PSY
That That (prod. & feat. SUGA of BTS),Suga
In The Stars,Benson Boone
Rich - Interlude,Kendrick Lamar
SUPERMODEL,Mï¿½ï¿½ne
Stefania (Kalush Orchestra),KALUSH
Thousand Miles,The Kid Laroi
Crown,Kendrick Lamar
Auntie Diaries,Kendrick Lamar
PUFFIN ON ZOOTIEZ,Future
Mirror,Kendrick Lamar
Beautiful Girl,Luciano
"Paulo Londra: Bzrp Music Sessions, Vol. 23",Bizarrap
"Paulo Londra: Bzrp Music Sessions, Vol. 23",Paulo Londra
Savior - Interlude,Kendrick Lamar
Pasoori,Shae Gill
Pasoori,Ali Sethi
Mother I Sober (feat. Beth Gibbons of Portishead),Kendrick Lamar
Mother I Sober (feat. Beth Gibbons of Portishead),Beth Gibbons
TUS Lï¿½ï¿½GR,Sech
TUS Lï¿½ï¿½GR,Mora
Where Did You Go?,MNEK
Where Did You Go?,Jax Jones
I Tried to Tell Y'all,Ugly Dray
I Tried to Tell Y'all,Tesla Jnr
Honest (feat. Don Toliver),Justin Bieber
Honest (feat. Don Toliver),Don Toliver
ZOOM,Jessi
SloMo,Chanel
FEARLESS,LE SSERAFIM
10 Things I Hate About You,Leah Kate
SPACE MAN,Sam Ryder
With you,HA SUNG WOON
With you,Jimin
Iris,The Goo Goo Dolls
The Heart Part 5,Kendrick Lamar
San Lucas,Kevin Kaarl
This Love (Taylorï¿½ï¿½ï¿½s Ve,Taylor Swift
Good Looking,Suki Waterhouse
Flowers,Lauren Spencer Smith
Yet To Come,BTS
Run BTS,BTS
Music For a Sushi Restaurant,Harry Styles
Matilda,Harry Styles
For Youth,BTS
Daylight,Harry Styles
Vegas (From the Original Motion Picture Soundtrack ELVIS),Doja Cat
Cash In Cash Out,Pharrell Williams
Cash In Cash Out,Tyler
Cash In Cash Out,The Creator
Cash In Cash Out,21 Savage
Potion (with Dua Lipa & Young Thug),Calvin Harris
Potion (with Dua Lipa & Young Thug),Dua Lipa
Potion (with Dua Lipa & Young Thug),Young Thug
Born Singer,BTS
Little Freak,Harry Styles
La Llevo Al Cielo (Ft. ï¿½ï¿½engo F,Nengo Flow
La Llevo Al Cielo (Ft. ï¿½ï¿½engo F,Anuel Aa
La Llevo Al Cielo (Ft. ï¿½ï¿½engo F,Chris Jedi
La Llevo Al Cielo (Ft. ï¿½ï¿½engo F,Chencho Corleone
True Love,Kanye West
True Love,XXXTENTACION
Satellite,Harry Styles
Pass The Dutchie,Musical Youth
"Villano Antillano: Bzrp Music Sessions, Vol. 51",Bizarrap
"Villano Antillano: Bzrp Music Sessions, Vol. 51",Villano Antillano
Love Of My Life,Harry Styles
Grapejuice,Harry Styles
So Good,Halsey
Belly Dancer,BYOR
Belly Dancer,Imanbek
Keep Driving,Harry Styles
Cinema,Harry Styles
Die Young (feat. 347aidan),Sleepy hallow
Die Young (feat. 347aidan),347aidan
Only Love Can Hurt Like This,Paloma Faith
Hold My Hand,Lady Gaga
Daydreaming,Harry Styles
Numb,Marshmello
Numb,Khalid
Nos Comemos (feat. Ozuna),Ozuna
Nos Comemos (feat. Ozuna),Tiago pzk
Me and Your Mama,Childish Gambino
Crazy What Love Can Do,David Guetta
Crazy What Love Can Do,Ella Henderson
Crazy What Love Can Do,Becky Hill
SLOW DANCING IN THE DARK,Joji
Antes de Perderte,Duki
Boyfriends,Harry Styles
295,Sidhu Moose Wala
Tak Ingin Usai,Keisya Levronka
En El Radio Un Cochinero,Victor Cibrian
Master of Puppets (Remastered),Metallica
BREAK MY SOUL,Beyoncï¿
ULTRA SOLO REMIX,De La Ghetto
ULTRA SOLO REMIX,Feid
ULTRA SOLO REMIX,Polima WestCoast
ULTRA SOLO REMIX,Paloma Mami
ULTRA SOLO REMIX,Pailita
Massive,Drake
Betty (Get Money),Yung Gravy
Ojos Marrones,Lasso
POP!,Nayeon
Layla,Schï¿½ï¿½rze
Layla,DJ R
MORE,j-hope
Sweet Child O' Mine,Guns N' Roses
Last Last,Burna Boy
SNAP,Rosa Linn
Sticky,Drake
Hot Shit (feat. Ye & Lil Durk),Kanye West
Hot Shit (feat. Ye & Lil Durk),Lil Durk
Hot Shit (feat. Ye & Lil Durk),Cardi B
Ai Preto,L7nnon
Ai Preto,DJ Biel do Furduncinho
Ai Preto,Bianca
La Loto,Anitta
La Loto,Tini
La Loto,Becky G
die first,Nessa Barrett
Afraid To Feel,LF System
Baile no Morro,Mc Vitin Da Igrejinha
Baile no Morro,MC Tairon
Baile no Morro,DJ Win
cï¿½ï¿½mo dormi,Rels B
Bad Decisions (with BTS & Snoop Dogg),Snoop Dogg
Bad Decisions (with BTS & Snoop Dogg),BTS
Bad Decisions (with BTS & Snoop Dogg),Benny Blanco
STAYING ALIVE (feat. Drake & Lil Baby),Drake
STAYING ALIVE (feat. Drake & Lil Baby),DJ Khaled
STAYING ALIVE (feat. Drake & Lil Baby),Lil Baby
Caile,Luar La L
Si Te La Encuentras Por Ahï¿,Feid
GIVENCHY,Duki
ALIEN SUPERSTAR,Beyoncï¿
Mary On A Cross,Ghost
Attention,NewJeans
THE SHADE,Rex Orange County
"Come Back Home - From ""Purple Hearts""",Sofia Carson
El Rescate,Grupo Marca Registrada
El Rescate,Junior H
Heartless,Kanye West
"Stay With Me (with Justin Timberlake, Halsey, & Pharrell)",Calvin Harris
"Stay With Me (with Justin Timberlake, Halsey, & Pharrell)",Halsey
"Stay With Me (with Justin Timberlake, Halsey, & Pharrell)",Pharrell Williams
"Stay With Me (with Justin Timberlake, Halsey, & Pharrell)",Justin Timberlake
Siempre Pendientes,Peso Pluma
Siempre Pendientes,Luis R Conriquez
JGL,Luis R Conriquez
JGL,La Adictiva
Don't You Worry,David Guetta
Don't You Worry,Shakira
Don't You Worry,Black Eyed Peas
Pipoco,Melody
Pipoco,Ana Castela
Pipoco,Dj Chris No Beat
Hold Me Closer,Elton John
Hold Me Closer,Britney Spears
Forget Me,Lewis Capaldi
After LIKE,IVE
Bound 2,Kanye West
B.O.T.A. (Baddest Of Them All) - Edit,Interplanetary Criminal
B.O.T.A. (Baddest Of Them All) - Edit,Eliza Rose
Talk that Talk,TWICE
BILLIE EILISH.,Armani White
Ferxxo 100,Feid
KU LO SA - A COLORS SHOW,Oxlade
Prohibidox,Feid
Static,Steve Lacy
The Scientist,Coldplay
Sparks,Coldplay
Talk,YEAT
XQ Te Pones Asï¿,Yandel
XQ Te Pones Asï¿,Feid
Selfish,PnB Rock
Sin Seï¿½ï,Ovy On The Drums
Sin Seï¿½ï,Quevedo
Lady Mi Amor,Feid
Poland,Lil Yachty
THE LONELIEST,Mï¿½ï¿½ne
Bye Bye,Marshmello
Bye Bye,Juice WRLD
BABY OTAKU,Fran C
BABY OTAKU,Polima WestCoast
BABY OTAKU,Nickoog Clk
BABY OTAKU,Pablito Pesadilla
Nxde,(G)I-DLE
Miss You,Southstar
we fell in love in october,girl in red
2 Be Loved (Am I Ready),Lizzo
Celestial,Ed Sheeran
Typa Girl,BLACKPINK
I Really Want to Stay at Your House,Rosa Walton
I Really Want to Stay at Your House,Hallie Coggins
California Breeze,Lil Baby
Bamba (feat. Aitch & BIA),Luciano
Bamba (feat. Aitch & BIA),Aitch
Bamba (feat. Aitch & BIA),Bï¿½
Casei Com a Putaria,MC Ryan SP
Casei Com a Putaria,Love Funk
Casei Com a Putaria,Mc Paiva ZS
Major Distribution,Drake
Major Distribution,21 Savage
Pussy & Millions (feat. Travis Scott),Drake
Pussy & Millions (feat. Travis Scott),Travis Scott
Pussy & Millions (feat. Travis Scott),21 Savage
Vigilante Shit,Taylor Swift
Question...?,Taylor Swift
On BS,Drake
On BS,21 Savage
Mastermind,Taylor Swift
Circo Loco,Drake
Circo Loco,21 Savage
Labyrinth,Taylor Swift
Spin Bout U,Drake
Spin Bout U,21 Savage
Sweet Nothing,Taylor Swift
"Would've, Could've, Should've",Taylor Swift
Con La Brisa,Ludwig Goransson
Con La Brisa,Foudeqush
Privileged Rappers,Drake
Privileged Rappers,21 Savage
The Astronaut,Jin
BackOutsideBoyz,Drake
Broke Boys,Drake
Broke Boys,21 Savage
The Great War,Taylor Swift
My Mind & Me,Selena Gomez
Bigger Than The Whole Sky,Taylor Swift
A Veces (feat. Feid),Feid
A Veces (feat. Feid),Paulo Londra
En La De Ella,Feid
En La De Ella,Sech
En La De Ella,Jhayco
Alone,Burna Boy
